,Subject,Scene,Ch,Band,Power,SPower,APower,IPower
0,001,001,FP1,Theta,12.710058824435908,26.165645182448266,162.84431215896913,0.00024647428248917945
1,001,001,FP2,Theta,2.832697048648053,5.831550184630363,36.29319177933666,5.4931844314415745e-05
2,001,001,C3,Theta,0.2207535259467729,0.45445568053495333,2.828346948352387,4.280866647941317e-06
3,001,001,C4,Theta,8.04265293884372,16.557059729636393,103.04439215037273,0.00015596364578574667
4,001,001,T5,Theta,0.1353568447133892,0.27865324784944717,1.7342242532336107,2.6248486841332042e-06
5,001,001,T6,Theta,2.3267654072537036,4.790010723785948,29.811074640432143,4.512078521407039e-05
6,001,001,O1,Theta,0.2713208093501902,0.558556347073834,3.476227072064589,5.2614706771192036e-06
7,001,001,O2,Theta,1.4489322119239478,2.982853712505159,18.564065884740334,2.8097787134267673e-05
8,001,001,FP1,Alpha,3.6106934151332495,12.031336504531428,92.77933337545932,2.6482169446193186e-05
9,001,001,FP2,Alpha,0.8047170136582644,2.6814298720757344,20.677775568037163,5.902094102479437e-06
10,001,001,C3,Alpha,0.0627120073568115,0.20896519771581396,1.6114295976546074,4.5995320404529425e-07
11,001,001,C4,Alpha,2.2847694418731845,7.613171994952416,58.708774565350225,1.6757349502685764e-05
12,001,001,T5,Alpha,0.038452384418569206,0.12812873405492473,0.988061345252889,2.820240997134922e-07
13,001,001,T6,Alpha,0.6609911606685518,2.2025151864720707,16.98463763134211,4.847955200411957e-06
14,001,001,O1,Alpha,0.07707724041575056,0.2568321675819442,1.9805544702911138,5.65313170233579e-07
15,001,001,O2,Alpha,0.4116149318294451,1.3715586414438496,10.576738202824068,3.0189371176670226e-06
16,001,001,FP1,Beta,4.231132443330164,20.034699825266607,152.53460856597522,3.758841380897281e-05
17,001,001,FP2,Beta,0.9429945644009256,4.465143383638804,33.995463079279766,8.37734823499331e-06
18,001,001,C3,Beta,0.07348804742093154,0.347970901535906,2.649283778696349,6.528510212216465e-07
19,001,001,C4,Beta,2.6773699673640943,12.677528849728791,96.52063257960268,2.3785143008683624e-05
20,001,001,T5,Beta,0.04505980224044617,0.21336122755895337,1.6244301942481276,4.003009869072461e-07
21,001,001,T6,Beta,0.7745717575844714,3.667649941046725,27.923729978176024,6.881118504354001e-06
22,001,001,O1,Beta,0.09032171249947704,0.4276794503285693,3.2561464916637957,8.023974552701258e-07
23,001,001,O2,Beta,0.4823442735190826,2.283932933280224,17.38877143192714,4.285036309991318e-06
24,001,002,FP1,Theta,10.748153298476002,27.069199962207037,119.14848926424736,1.10163912044181
25,001,002,FP2,Theta,13.062317924400945,34.06337575906606,201.822880474592,0.9008298267860537
26,001,002,C3,Theta,4.869768247628009,11.39517938509385,86.736958532005,0.41471906176936785
27,001,002,C4,Theta,7.206980122106343,6.932050887832765,35.005579867869166,0.7734356888708126
28,001,002,T5,Theta,19.20526233565985,36.95296522017115,206.83329612137476,1.216231076417401
29,001,002,T6,Theta,6.180134299385561,11.93318217075247,96.48565209664244,0.4655739372022495
30,001,002,O1,Theta,7.837578877578908,16.3382895202795,92.44172417244457,0.941506016450922
31,001,002,O2,Theta,23.093351739846625,42.71172189638396,203.37202887158637,3.2341199341581386
32,001,002,FP1,Alpha,3.916789521353085,9.684990371361424,50.72355765044853,0.4467679633938513
33,001,002,FP2,Alpha,5.8510828520884495,13.609145168172116,79.16524194470986,0.5041464613861979
34,001,002,C3,Alpha,3.1925046726308084,7.127979266216661,41.96283299618603,0.3307890479106219
35,001,002,C4,Alpha,3.890597525514072,5.361985352127776,25.085871360040578,0.36474238802412784
36,001,002,T5,Alpha,16.692770436885187,45.31439220909712,296.39864032436094,0.8000989075747436
37,001,002,T6,Alpha,3.577873217070612,6.466703718095876,29.056304343662795,0.35651209303577414
38,001,002,O1,Alpha,4.123104422354545,12.595840301692634,62.02322882807525,0.720230223864327
39,001,002,O2,Alpha,9.867529412780653,26.434415696967353,149.63611218888428,2.107506755726175
40,001,002,FP1,Beta,9.165905497192183,18.81792436458555,85.69824975839794,2.0884430881983604
41,001,002,FP2,Beta,16.948467710794183,36.784382392653846,189.99519292003723,2.973588749739544
42,001,002,C3,Beta,6.198727831643641,21.021233362168633,102.7737592301813,1.439030566358983
43,001,002,C4,Beta,8.636393839301672,14.066596172958052,77.0378376796232,2.0827023944152634
44,001,002,T5,Beta,15.167198392459229,57.159477129421035,230.24507543646823,1.5902286320486891
45,001,002,T6,Beta,8.461683916851808,22.638885821694018,105.57727937047346,0.8798775387964927
46,001,002,O1,Beta,11.09576395632657,17.311726952037084,123.3773813284556,1.066745778901767
47,001,002,O2,Beta,26.097986083919764,48.34808146292013,237.17682306025824,5.461317780293223
48,001,003,FP1,Theta,2.1342545252660186,3.8313138099934454,18.53529778807691,0.06300562490305016
49,001,003,FP2,Theta,4.75311268438175,9.057917783148413,43.796040366980506,0.14065980774164422
50,001,003,C3,Theta,2.825267792270852,3.453518913724368,20.06919233694215,0.2444898809859327
51,001,003,C4,Theta,2.0919619783601924,5.054171313151303,34.06778065532755,0.38493154411423924
52,001,003,T5,Theta,0.7326404334296658,0.892811459832819,5.254446919223366,0.04863733507774853
53,001,003,T6,Theta,0.591462856087181,1.432807142856875,9.655184629203928,0.11425228574314505
54,001,003,O1,Theta,0.48225423465618517,0.738849861474942,3.360400372808229,0.026024873700922605
55,001,003,O2,Theta,0.3830894737985062,0.9545124058509865,5.645052180338666,0.0337703141460448
56,001,003,FP1,Alpha,0.7978948048294265,1.0827195017633426,6.572777577502382,0.035697344356711645
57,001,003,FP2,Alpha,2.3220939106694507,3.092482288586492,14.588101516462666,0.22314591983373194
58,001,003,C3,Alpha,1.592468070815935,2.731542304354065,18.848506475176187,0.08116863006078692
59,001,003,C4,Alpha,0.9838942117684213,2.400476862051021,16.39758876163382,0.11275998983292893
60,001,003,T5,Alpha,0.3958305488867565,0.6928376573348228,4.753358070844372,0.020676041502282
61,001,003,T6,Alpha,0.30628174912182193,0.7052702005628639,4.706117551893138,0.037598192963520204
62,001,003,O1,Alpha,0.21796486086767292,0.3543477959238361,2.0217016008972575,0.010520633856076204
63,001,003,O2,Alpha,0.1727612512296756,0.3198483470343403,2.3326098230330192,0.012434689023265586
64,001,003,FP1,Beta,3.1957487266967712,3.8717414371137004,22.709057920571656,0.15449003697457805
65,001,003,FP2,Beta,8.072507206103294,11.523908555441972,70.51544095264562,0.30872711445935225
66,001,003,C3,Beta,3.2108565986950675,4.919971157172228,33.998467270595675,0.1409491346710289
67,001,003,C4,Beta,1.9704169360879442,5.240155135449193,32.82078975735148,0.2909437584142414
68,001,003,T5,Beta,0.9370184271637224,1.340965155946839,9.22045972610056,0.02144762222449891
69,001,003,T6,Beta,0.5625934477352452,1.5265992309623242,9.453634818883769,0.08361739230212498
70,001,003,O1,Beta,0.8010787054590895,1.1007276849731533,6.813608660170873,0.00810452207186362
71,001,003,O2,Beta,0.6339890873068852,0.8408873294649702,4.550745926280747,0.04021623229521422
72,001,004,FP1,Theta,23.03865801765817,54.0977533052916,388.9207091407729,2.662791544960179
73,001,004,FP2,Theta,31.733055137890283,54.17257148753433,314.7378983458766,1.965806256744878
74,001,004,C3,Theta,13.500126134614032,45.707599943050084,309.78430049718406,0.8996769017680214
75,001,004,C4,Theta,15.61785450530652,30.795009159150375,141.97784249793477,2.230164883881699
76,001,004,T5,Theta,85.25892281558615,271.82647736280404,1384.3501956896628,5.542694646555778
77,001,004,T6,Theta,21.90967479667343,53.157490498929675,342.8272751628198,1.8514855944129727
78,001,004,O1,Theta,25.086561268266696,84.55622178286622,629.8419620695419,1.7653115111730462
79,001,004,O2,Theta,152.05072782609943,727.2888481722345,4279.923775308662,2.5056856614541925
80,001,004,FP1,Alpha,7.999035240796991,21.029483800764677,154.3825121034724,1.1485538188506852
81,001,004,FP2,Alpha,11.287016140258066,19.547990510434992,119.26977435550116,1.303074211110732
82,001,004,C3,Alpha,5.840708391615608,16.10484105369365,100.39887955176717,1.0589228882890547
83,001,004,C4,Alpha,6.204673371848853,12.187088422959059,77.87098122219965,1.253733047961461
84,001,004,T5,Alpha,52.29274341539776,75.2726351194955,359.11801316995303,2.2626071563969337
85,001,004,T6,Alpha,8.65907534192187,19.525481113790057,121.39786988739712,1.0736764083293788
86,001,004,O1,Alpha,12.407229668552908,38.19437506066566,325.91517228443627,1.2100789048482485
87,001,004,O2,Alpha,37.5084080254181,341.07425286150584,1817.4040514953324,1.8232646965128618
88,001,004,FP1,Beta,22.846874322233383,52.594040173781636,259.77713213412477,5.192246420728255
89,001,004,FP2,Beta,29.9064740670024,59.41584096470723,258.25981409108255,6.262627239999131
90,001,004,C3,Beta,12.530915544530112,22.041160051482883,135.46413206315407,2.8870551305748795
91,001,004,C4,Beta,15.135047032741415,28.39705121867352,203.06657922101095,2.2699953668927884
92,001,004,T5,Beta,79.03705391370508,131.6551583771005,697.316460497002,12.436549188438244
93,001,004,T6,Beta,20.954732680596,47.860317427309035,229.44630198927152,4.8204551640210225
94,001,004,O1,Beta,26.755538837717808,30.84974549851544,178.64571956631534,4.001817555139308
95,001,004,O2,Beta,55.710015607524184,468.8934567061513,3587.1368655485508,2.95273528700896
96,002,001,FP1,Theta,10.730001792408913,36.21396151308795,269.16541327281914,1.1242528150425302
97,002,001,FP2,Theta,15.566398744241756,52.261072735786165,308.97897354304655,1.125256899700643
98,002,001,C3,Theta,13.745160967616611,47.34369891480357,259.777629106873,0.49613997618716765
99,002,001,C4,Theta,6.437721350863926,21.45716782027668,140.01001163475215,0.6631305113664576
100,002,001,T5,Theta,11.762235588301177,20.90215118393942,111.73171649301159,1.433328113094162
101,002,001,T6,Theta,9.455389062496167,34.770598236866164,186.51001505745626,0.7630881397340997
102,002,001,O1,Theta,28.48845076394958,103.1831816898113,709.8627066305262,2.2191432396281163
103,002,001,O2,Theta,20.884361257492646,79.78848741963805,459.53237809394534,2.315898506156586
104,002,001,FP1,Alpha,5.164791077442281,8.512277350142046,54.43167505394993,0.4821008336242709
105,002,001,FP2,Alpha,5.930488024719447,9.15897410115108,48.976674447973096,0.7964048822410709
106,002,001,C3,Alpha,4.972374637400227,17.684075334669373,114.62536896597416,0.5161489049837319
107,002,001,C4,Alpha,2.4713051154173202,6.437422024225179,42.29357656279625,0.3172371068243188
108,002,001,T5,Alpha,5.1958124209449315,9.509934664973697,43.54668890605791,1.1422515061594447
109,002,001,T6,Alpha,6.217506132494269,19.32879853798954,100.15228129109417,1.1597275268958733
110,002,001,O1,Alpha,13.022883475930811,36.604716233308665,257.4713835719615,0.4681630340778078
111,002,001,O2,Alpha,9.822995431763404,36.134758878590176,231.368188255998,1.0944882324564567
112,002,001,FP1,Beta,11.062999703548872,10.36200058055186,49.793883167463406,2.7923341850498673
113,002,001,FP2,Beta,12.035293102404292,12.828345167495979,91.69290593666089,3.149646488632051
114,002,001,C3,Beta,11.945988551314537,24.13740892000497,144.93897535716636,2.4039080473404963
115,002,001,C4,Beta,5.979223870034148,7.486393770236374,59.692073113990574,2.008223051093769
116,002,001,T5,Beta,10.692352420212154,10.356083608692625,75.03539785387986,2.940938816142793
117,002,001,T6,Beta,15.165921281327613,9.465445158611777,44.89502958753434,3.7889183371915327
118,002,001,O1,Beta,31.480679351289535,61.78961920572022,422.66844413427935,1.075715598820938
119,002,001,O2,Beta,17.98431676577655,53.22400722162344,419.6464841279236,1.2214845291682104
120,002,002,FP1,Theta,7.820377659384697,37.06839937433568,225.12575607871793,0.5155708292962207
121,002,002,FP2,Theta,8.381950825150987,37.59704595716623,208.69201405151773,0.43121298419857856
122,002,002,C3,Theta,5.058371589699773,24.407235090387562,123.83052569129032,0.007591259527260569
123,002,002,C4,Theta,3.3414856743922954,7.726520184625444,46.50021910277411,0.29571607112989434
124,002,002,T5,Theta,0.9113952541678572,3.0392158338324298,16.641512153057143,0.06537060820359863
125,002,002,T6,Theta,0.43411756231652004,1.1836221248599799,8.965748694552016,0.062445982625144655
126,002,002,O1,Theta,0.5407987214617589,3.6214704783945533,20.22211461005411,0.00934670126461238
127,002,002,O2,Theta,0.624382319852808,2.0643420787723166,12.545934154130194,0.01480930245835044
128,002,002,FP1,Alpha,3.257493990155531,29.285936942720856,157.51927770979364,0.11609840169435842
129,002,002,FP2,Alpha,3.2700163247393963,30.311508638998067,164.87912222979125,0.31164058350007207
130,002,002,C3,Alpha,2.6611304636512543,18.875458738626627,94.52041368111966,0.012112214941718491
131,002,002,C4,Alpha,2.3613350327925957,4.482371866854048,21.808498716750474,0.3516058175039581
132,002,002,T5,Alpha,0.5715340853390747,2.1986557803021904,10.669330161780865,0.027173720359014268
133,002,002,T6,Alpha,0.3146875938659844,0.38412788830140265,2.2572245456821776,0.08808517002220348
134,002,002,O1,Alpha,0.2125063030197063,2.906485410227314,15.219540699191178,0.003712855884981537
135,002,002,O2,Alpha,0.27781922873138115,1.646907215999892,8.833090991157999,0.014686047385188365
136,002,002,FP1,Beta,15.860368691268063,255.45495944596473,1151.4785078598659,2.4665005240137505
137,002,002,FP2,Beta,15.229974602568838,264.2805455863716,1226.9630367592733,2.508617729838162
138,002,002,C3,Beta,15.400138961964277,176.57590698931327,845.4965935291208,0.026790442109414808
139,002,002,C4,Beta,7.009570189266284,30.3296960733805,124.30086120310587,1.5647346883519226
140,002,002,T5,Beta,2.47256337018585,20.904914144082298,102.77644581260736,0.09486958099236764
141,002,002,T6,Beta,0.9250106615325555,1.2107242713758093,6.7213105766876104,0.27937705641282123
142,002,002,O1,Beta,1.4179640876795243,26.42950710204642,123.84105686928447,0.07153825411221945
143,002,002,O2,Beta,1.00194703120608,13.737082207208205,60.6320606841548,0.14610306454524644
144,002,003,FP1,Theta,24.28435486945667,7103.038181737218,65151.89320612183,1.6628636750233226
145,002,003,FP2,Theta,31.868357003668713,2061.8629370543713,18947.098551999217,0.8533352893388866
146,002,003,C3,Theta,35.8196326893879,2030.8894825560756,18597.91996820089,4.926282421942413
147,002,003,C4,Theta,20.960997612566587,1486.4940326452872,13657.433067353913,1.9133470660852294
148,002,003,T5,Theta,25.085552482586422,26359.61502003268,241635.02444449774,1.5958776254939964
149,002,003,T6,Theta,35.59892204744939,11091.499622471158,101709.68266687792,2.90317283806955
150,002,003,O1,Theta,69.31369119637947,3134.6745387773376,28778.911637086967,7.453001219503886
151,002,003,O2,Theta,108.60677329845001,1031.7429770967508,9317.850169608122,9.469024642971231
152,002,003,FP1,Alpha,15.408557124594612,7073.184881474856,64860.83335952492,0.9217696793054835
153,002,003,FP2,Alpha,17.58985778948354,2010.9482774177625,18463.52074007408,1.1094909042064196
154,002,003,C3,Alpha,27.10064627380913,2000.6646648589533,18383.90769389494,1.3012500452353564
155,002,003,C4,Alpha,14.046333225716378,1470.4786083461136,13497.320441414771,0.9114003377560629
156,002,003,T5,Alpha,17.183745128105006,25714.606220149046,235708.58134067018,1.0466813546129474
157,002,003,T6,Alpha,18.417425640468036,10980.98860300056,100678.75334209914,1.3146853026063665
158,002,003,O1,Alpha,41.2921804904062,2858.967773908867,26225.672922301997,2.9915374259025693
159,002,003,O2,Alpha,42.08318914990123,941.4527436343188,8634.509568254907,1.7901689418922075
160,002,003,FP1,Beta,90.60735810926624,5770.680430892925,53052.2273343933,10.254776251564172
161,002,003,FP2,Beta,98.37926724671942,1650.2220522317145,15128.295247325243,7.012851787057963
162,002,003,C3,Beta,205.50647987794065,1699.7774837940578,15242.140796963544,11.333989720810955
163,002,003,C4,Beta,65.95862022393932,1177.8300717155007,10852.873104775039,5.950371870729433
164,002,003,T5,Beta,79.52945962432717,21154.76093519219,194039.12293411602,8.306152702817345
165,002,003,T6,Beta,87.93107066073132,8985.07268123387,82537.7090599071,10.100922183560419
166,002,003,O1,Beta,224.26616899781453,2731.1710308768133,22195.839759937266,12.751669464721498
167,002,003,O2,Beta,268.3966086709696,1019.630528698861,6975.192773748329,5.987444603948159
168,002,004,FP1,Theta,9.005693714336513,19.313097109730233,97.26115471171352,0.845470443884232
169,002,004,FP2,Theta,8.774955699709155,19.82630107095565,79.6824415737746,0.4795556708720775
170,002,004,C3,Theta,6.971061245351421,10.502808384646784,65.6458550165536,0.8294891548732465
171,002,004,C4,Theta,4.5139401597644895,6.775769214335944,32.41556253665031,0.5740394062118206
172,002,004,T5,Theta,5.489988732479999,9.188401182976436,39.94396053558738,0.5116400770365762
173,002,004,T6,Theta,8.195780421293257,27.475938198311923,210.04708253877158,0.5974283702445238
174,002,004,O1,Theta,7.904548054897598,20.554544880827024,128.30603133086024,0.5569248857523068
175,002,004,O2,Theta,21.050575268892207,52.07190332702664,261.5280779318577,0.6189561515210092
176,002,004,FP1,Alpha,3.9718402147945526,5.896287826264686,36.02560070838726,0.6018875246707083
177,002,004,FP2,Alpha,4.241109305546559,5.838344789075461,30.63523151139377,0.44252103813754484
178,002,004,C3,Alpha,4.048686778814944,7.8284450656409295,43.455141282859834,0.2690827971669089
179,002,004,C4,Alpha,2.1106790572134098,6.720975253097289,43.49560628469477,0.4378000653554506
180,002,004,T5,Alpha,3.3478105648372285,6.575237343142995,45.317895979762675,0.539439795806657
181,002,004,T6,Alpha,4.288343520588591,23.99367594131772,184.22939674837403,0.49001714789940076
182,002,004,O1,Alpha,2.8031031383912275,18.318991738797422,108.88631994922417,0.2124141175120286
183,002,004,O2,Alpha,6.874577368083038,50.11419007722307,349.2762248761464,0.6986015260919607
184,002,004,FP1,Beta,7.381910792430485,9.806292971871343,46.66908822133233,1.9544507419812853
185,002,004,FP2,Beta,6.860173840388169,8.644172813793862,39.23451196864478,2.843958871074678
186,002,004,C3,Beta,11.718671500143543,19.42012443514152,82.46570165572997,1.3996067601049929
187,002,004,C4,Beta,4.954580830328582,6.62347956819562,42.29892165224267,0.6692818250990947
188,002,004,T5,Beta,5.9902011703120515,8.322758151894567,50.685452490810206,1.6156184021089957
189,002,004,T6,Beta,9.241824570389388,22.16493557860629,174.30523857658753,2.875254495133141
190,002,004,O1,Beta,5.37902808036663,13.761915767700811,92.09654297529399,1.1037173572696004
191,002,004,O2,Beta,16.663526835590623,33.554490980132265,227.1247729682776,1.4076549756795738
192,003,001,FP1,Theta,30.7143642412269,54.6329181229371,308.6427406319824,1.9838215757619304
193,003,001,FP2,Theta,53.84698235813782,95.77986883383643,541.0979722468109,3.4779429114266645
194,003,001,C3,Theta,0.05373929065306423,0.09558831311549623,0.5400157990090119,0.00347098717156126
195,003,001,C4,Theta,30.912981056945455,54.98620612023326,310.6386028239438,1.996650111662675
196,003,001,T5,Theta,0.05349359541599463,0.09515128477058662,0.5375468548130801,0.003455117869860717
197,003,001,T6,Theta,6.835757261643147,12.159045971147203,68.6912103717492,0.4415172860430008
198,003,001,O1,Theta,2.760064534118961,4.909441671078257,27.73535780982375,0.17827084195128856
199,003,001,O2,Theta,6.6625089073928025,11.85088191219412,66.9502709713387,0.4303272832015895
200,003,001,FP1,Alpha,7.3574750529674375,23.121997981752827,137.06383183829035,1.3294183685223482
201,003,001,FP2,Alpha,12.898780071305705,40.53640204400372,240.2938793383404,2.3306739112093893
202,003,001,C3,Alpha,0.012872983052459845,0.040455330941001934,0.2398133016634581,0.002326012661191856
203,003,001,C4,Alpha,7.405052735360291,23.271518172895938,137.95016572480935,1.3380151553888497
204,003,001,T5,Alpha,0.012814127965525175,0.04027036977003494,0.23871687881736342,0.00231537816591802
205,003,001,T6,Alpha,1.6374720676516563,5.1460080490716225,30.504785202086133,0.29587398244733354
206,003,001,O1,Alpha,0.6611598988302274,2.0777967626544847,12.316876175465708,0.11946464075070984
207,003,001,O2,Alpha,1.5959712755673316,5.0155854212132605,29.731658885459503,0.2883752257533176
208,003,001,FP1,Beta,10.140607164525933,29.71881750269602,179.80032409042644,1.679874829554352
209,003,001,FP2,Beta,17.77803671274037,52.10163652433376,315.21749248155686,2.9450777362820415
210,003,001,C3,Beta,0.017742481385363988,0.051997435437696284,0.31458707072451314,0.0029391877043962204
211,003,001,C4,Beta,10.206182186318792,29.910996538308357,180.96301681477584,1.6907378702744176
212,003,001,T5,Beta,0.017661363024526165,0.05175970393675437,0.31314878331920704,0.002925749781956695
213,003,001,T6,Beta,2.256883083041223,6.614189405191199,40.01617488787871,0.37387121135209495
214,003,001,O1,Beta,0.911258653098593,2.670602378122835,16.157277222069524,0.1509574771725044
215,003,001,O2,Beta,2.199683673391088,6.446556561411936,39.00198784504102,0.36439565954578457
216,003,002,FP1,Theta,17.762518902440387,71.22338757507953,388.66503890703984,1.0717957595333125
217,003,002,FP2,Theta,35.51850568535,79.18406217834958,463.34646784363974,2.2367748531862035
218,003,002,C3,Theta,6.936285757586186,11.108673805363333,75.77858422173988,1.1544187399401098
219,003,002,C4,Theta,8.627833037465727,10.140155306276757,52.38331180124824,1.0481854280587048
220,003,002,T5,Theta,17.73611472059376,22.68194567025065,101.14415983989765,3.434523230275907
221,003,002,T6,Theta,5.406470587156823,9.039784309119195,50.77587534771917,0.5830633233699838
222,003,002,O1,Theta,7.923493769683034,14.685182543416683,78.55820873128116,0.5837348623268056
223,003,002,O2,Theta,12.27168051589076,13.885060504458181,64.93764525159037,2.719642148228182
224,003,002,FP1,Alpha,6.0107201252133775,11.379552161579127,73.1720490721302,0.8635724858118943
225,003,002,FP2,Alpha,7.63448993513728,17.664897158708612,112.01354079700255,0.40898961634499403
226,003,002,C3,Alpha,2.9175087557928077,5.816137568382849,41.406475102697804,0.850256934254414
227,003,002,C4,Alpha,3.2727513622694624,2.6879747537716896,16.20710042829601,0.4610689955111388
228,003,002,T5,Alpha,9.805866132881272,18.28284469486289,82.30192040359766,1.0863671130652344
229,003,002,T6,Alpha,1.8288580094038154,2.3400925648887565,15.272438948024295,0.4166337786819975
230,003,002,O1,Alpha,2.0987514691847053,8.40227321152326,54.26219022484468,0.5655753365730035
231,003,002,O2,Alpha,3.452823718204848,3.1045651261221936,17.56655232046698,0.7557211362131881
232,003,002,FP1,Beta,13.969957020661969,8.522871151747163,56.15885575005582,4.616387889655708
233,003,002,FP2,Beta,19.17672150846884,15.664388436648155,119.66713297792909,5.406504745073461
234,003,002,C3,Beta,5.144000881833686,6.117875014345063,38.32864201718557,1.543118960177258
235,003,002,C4,Beta,5.583191799893026,4.849847894303853,26.905185865190898,2.579420968861249
236,003,002,T5,Beta,40.67307775291132,103.73580218861174,483.3090850543374,4.787908198510161
237,003,002,T6,Beta,3.6212828237598864,3.3819425846886535,27.71572580902525,1.4762904813591546
238,003,002,O1,Beta,3.4491501961723583,39.20162253251623,266.68390004983013,0.9506952426136629
239,003,002,O2,Beta,5.401091948912495,6.271648057084265,36.5070067498289,1.944952715329759
240,003,003,FP1,Theta,5.9044294647831,20.9860093692899,99.24480873636391,0.5202587558930966
241,003,003,FP2,Theta,7.612988343530189,18.26340782269842,92.02749108462214,0.4824681800180356
242,003,003,C3,Theta,3.038766831067774,2.9742553944227583,16.911317182488425,0.7374724456932403
243,003,003,C4,Theta,3.048148182496558,4.135906145118734,25.531956956861084,0.8178780713569216
244,003,003,T5,Theta,9.632929976506233,12.294503337683802,52.99883059000946,1.0244639836860865
245,003,003,T6,Theta,2.18950201031656,3.9316924766406105,27.66240208646289,0.34494732725383503
246,003,003,O1,Theta,2.2416390548838634,4.512585094882517,25.602001326151733,0.3520371055995585
247,003,003,O2,Theta,8.604570287079039,6.6474402658556135,44.93566711124936,2.2524365864918785
248,003,003,FP1,Alpha,2.815379076821387,3.021781401881632,14.562366074824427,0.26713852097121843
249,003,003,FP2,Alpha,2.966969933341249,2.931338145757869,13.234083548604438,0.39124059098597885
250,003,003,C3,Alpha,2.184032580947029,1.2508261304087396,6.559154668663752,0.3805593379331259
251,003,003,C4,Alpha,2.981539105420628,1.655169572948055,9.065731389569498,0.7299282968862354
252,003,003,T5,Alpha,5.714787754008476,12.109277720071994,54.900232559650064,0.5972606757085089
253,003,003,T6,Alpha,1.4759053822270856,1.0941453223518194,7.637418842074037,0.1561369757359708
254,003,003,O1,Alpha,1.152791453123025,1.05542779052581,6.566893276002854,0.29906542519052165
255,003,003,O2,Alpha,3.063485171532445,2.4091030352759693,14.52352499522967,0.5944801702391451
256,003,003,FP1,Beta,6.645538175596631,5.156207581543886,36.57734702421909,1.912710605133144
257,003,003,FP2,Beta,7.030828316788048,6.153659836348436,34.82619792002756,2.6684878882164313
258,003,003,C3,Beta,3.516945617801254,2.8078077295097645,14.598296577842117,1.388362099386935
259,003,003,C4,Beta,4.627130385361878,2.8004618319975587,14.135376410629775,1.5602477197181672
260,003,003,T5,Beta,32.91484836919494,64.71774811727757,291.93307914431693,1.3695103861070013
261,003,003,T6,Beta,3.2627697037943886,1.8929627543121208,12.074453299361505,1.2688161596712568
262,003,003,O1,Beta,2.7758146940220154,3.316715754803591,18.532656360584333,1.4066052654349315
263,003,003,O2,Beta,4.941995717255719,3.7466417687115654,19.4301254565628,1.7507828159074135
264,003,004,FP1,Theta,14.990478967769612,33.11708860284081,222.62986626559567,1.4481840178412437
265,003,004,FP2,Theta,14.556819318025997,42.24057286021644,300.5641633008431,1.9948032394450856
266,003,004,C3,Theta,19.26355152419054,76.78807088004149,316.63983831504123,2.1828712637883005
267,003,004,C4,Theta,16.62081008510539,27.60669227880209,134.642855537726,2.349091742943147
268,003,004,T5,Theta,41.77651089418069,67.6950819762012,286.1652182541999,7.725747708446553
269,003,004,T6,Theta,6.500818614708594,6.620684309229182,37.01843476440024,0.8040278980706057
270,003,004,O1,Theta,6.736711889475714,9.958793404095115,59.99131286530563,0.9975393473784402
271,003,004,O2,Theta,25.62004590266148,114.96164064414428,698.0472407112806,4.147272770196689
272,003,004,FP1,Alpha,5.469491455469643,16.850595035193543,131.48184144523267,0.628478524596161
273,003,004,FP2,Alpha,4.398421944653663,24.740219939704534,164.05872935013525,0.6484014506982777
274,003,004,C3,Alpha,7.280736087088547,39.24180874224448,310.3639199834795,0.691983014071877
275,003,004,C4,Alpha,6.308552641172932,10.307830077846551,45.979063218021224,1.041970322108213
276,003,004,T5,Alpha,19.59395546972231,28.120847094623166,178.90224218090862,2.324639677984119
277,003,004,T6,Alpha,2.4845938095962103,4.1498871054134945,23.538769214664356,0.31081723676308576
278,003,004,O1,Alpha,2.35664667567797,4.846899308054755,35.128253042827936,0.32143529732875364
279,003,004,O2,Alpha,7.19100030691456,38.87309992907852,224.43781243411536,0.8910335813143813
280,003,004,FP1,Beta,7.981826304428624,40.35487685810633,349.81857291631894,2.575101730031697
281,003,004,FP2,Beta,7.816636071429061,43.9900791985501,358.68486621810933,2.9374889117710015
282,003,004,C3,Beta,7.650804425744235,37.521315315197285,311.6961761771366,1.5460028878333612
283,003,004,C4,Beta,7.462814886610247,8.232701083667743,45.41759947052345,1.8999338599846571
284,003,004,T5,Beta,47.98882321313064,62.97237961045978,279.044016761116,7.18782657175512
285,003,004,T6,Beta,4.5734394951494055,8.292432452302961,70.96049780173973,1.6289009862002815
286,003,004,O1,Beta,4.465809770829561,6.054811941975742,37.693576147854905,1.781627944360979
287,003,004,O2,Beta,10.388880469413152,29.62787099465939,147.91436093137122,2.8954871990425723
288,004,001,FP1,Theta,3.57947097789015,6.750748805685655,45.865014162205426,0.33431163007901843
289,004,001,FP2,Theta,3.934229712378199,12.139255967567372,94.01335512682186,0.20614256752405408
290,004,001,C3,Theta,1.2576503017729006,1.7884224465729917,8.737278993254197,0.1960912485051891
291,004,001,C4,Theta,2.58586355257615,5.741022261805537,30.352046680089558,0.7174001441166071
292,004,001,T5,Theta,1.6421207593025922,1.8616810977213376,11.142734505820428,0.2895702612890144
293,004,001,T6,Theta,1.7525627973420652,2.6717764928132293,16.1575817141009,0.2862544124729068
294,004,001,O1,Theta,1.8417132038560167,2.4575651324241874,13.554553631674732,0.20965657560800097
295,004,001,O2,Theta,1.8417132038560422,2.4575651324242984,13.554553631678905,0.2096565756092427
296,004,001,FP1,Alpha,1.7123017246774461,3.7824580957452953,23.665845861306963,0.23524921189276407
297,004,001,FP2,Alpha,2.3649972811973052,3.219172408696612,16.021141030928582,0.20403025989507056
298,004,001,C3,Alpha,0.5347808910242582,0.6999343356247459,3.671712048013984,0.07768683736288742
299,004,001,C4,Alpha,1.97981772849855,6.337741785620387,50.14375197439254,0.7589945212678686
300,004,001,T5,Alpha,0.9496987669599538,2.4227328926685257,15.917791361297708,0.20103860488293301
301,004,001,T6,Alpha,1.1208129841804915,2.208307222590896,17.85575408287368,0.21996152839477315
302,004,001,O1,Alpha,0.8657047957308538,0.965835903173545,4.862014586407557,0.13342257828304588
303,004,001,O2,Alpha,0.8657047957315516,0.9658359031739437,4.862014586412825,0.13342257828295823
304,004,001,FP1,Beta,13.030681041371508,6.845145597688009,38.243672846236684,3.680612780181345
305,004,001,FP2,Beta,13.719799628975043,7.412834661059425,38.14827110773982,2.5080184605145774
306,004,001,C3,Beta,2.7944031297813883,1.403558736533858,8.59792307979241,1.1287592821771004
307,004,001,C4,Beta,4.944807376012876,3.675514680183963,18.95775903292623,1.312007773568435
308,004,001,T5,Beta,4.641742273416129,8.249218366912249,40.149263931096115,1.8307096973778068
309,004,001,T6,Beta,4.06289223154759,17.46366944313928,103.80115703851109,1.0902557873731549
310,004,001,O1,Beta,3.1737688907684736,1.8112365954056735,9.246654193103705,1.0213921367853112
311,004,001,O2,Beta,3.173768890771577,1.8112365954063294,9.246654193112033,1.0213921367851182
312,004,002,FP1,Theta,4.145816030322481,29.146216634784803,241.81187981113382,0.34265190642657234
313,004,002,FP2,Theta,10.204701953800512,628.9454447944752,5828.881663616066,0.3770313840961638
314,004,002,C3,Theta,1.777619361283812,15.162763612231142,141.50342126980394,0.25677776552842
315,004,002,C4,Theta,2.94208184921657,12.612005213792488,106.71271847090956,0.4939699945125979
316,004,002,T5,Theta,1.611980650516783,4.445424316685301,40.632310300641734,0.2576908232644657
317,004,002,T6,Theta,2.0254729757703913,12.266991736401513,113.49108243282603,0.26569201089374944
318,004,002,O1,Theta,1.592299232112931,20.87762723796212,192.67896328452053,0.21782911621814793
319,004,002,O2,Theta,1.5922992321131235,20.877774390787014,192.68040290409758,0.2178291162186401
320,004,002,FP1,Alpha,2.021241734816032,4.768657892404193,32.770058948597956,0.208563541081956
321,004,002,FP2,Alpha,4.769197900961998,22.34179076131485,157.05254087211628,0.1590841689885322
322,004,002,C3,Alpha,1.0497447896765588,1.4367182399112324,8.588087094989557,0.09025503124824134
323,004,002,C4,Alpha,1.636733407717573,3.3970987708718026,23.90395563335319,0.2304538765577448
324,004,002,T5,Alpha,0.9791317731938902,0.8875059544059084,5.196513227045109,0.14123613071931457
325,004,002,T6,Alpha,1.2925752813835347,0.9241185043600124,4.827727755388154,0.24456582349635425
326,004,002,O1,Alpha,1.0066786124757543,0.990580064138336,5.920301148001434,0.14464982452615113
327,004,002,O2,Alpha,1.006678612484644,0.9905805305863683,5.920301148083365,0.1446498245267231
328,004,002,FP1,Beta,5.305530285001841,6.073609630387122,38.32949520702851,1.049488753203953
329,004,002,FP2,Beta,12.315562996223953,49.90449794119674,331.67543724968465,0.6727903138414041
330,004,002,C3,Beta,2.5298796298699644,2.532831151002112,16.851209701581816,0.7016506424490851
331,004,002,C4,Beta,4.051609176860699,4.3656663922351955,31.256264371171362,0.8504920250424862
332,004,002,T5,Beta,2.9048689030014585,2.586032854881057,11.28093126197402,0.8016376535668905
333,004,002,T6,Beta,3.1205784738681435,3.994149472199776,23.634888171409635,1.0662092659034688
334,004,002,O1,Beta,3.5544810157988054,1.9142364591005394,10.520025749058098,1.0391625440432912
335,004,002,O2,Beta,3.554481015725672,1.914236471721062,10.52002574905921,1.0391625440866499
336,004,003,FP1,Theta,9.8841595202027,25.60888880599184,108.96691445448019,0.2417531425350313
337,004,003,FP2,Theta,21.78820627022351,35.999901979715524,172.82377756338474,0.13798175944182856
338,004,003,C3,Theta,2.6905292399357728,4.760751836672402,46.951498266490866,0.19920206101241061
339,004,003,C4,Theta,3.997684867522509,14.156636619894728,138.1858063938609,0.19769167884456296
340,004,003,T5,Theta,3.0423604710610777,6.335170657527259,52.87149863811929,0.3856669083303757
341,004,003,T6,Theta,3.3016047565691036,4.339505229535342,24.323017383350695,0.43522679867321057
342,004,003,O1,Theta,3.171297940565476,4.995041098195785,28.874557339397924,0.18539696988971754
343,004,003,O2,Theta,3.171297940566147,5.0095660265841815,28.874557339388694,0.18539696989155283
344,004,003,FP1,Alpha,2.7637521165573604,6.3316825705421005,42.948001079139736,0.20422997963523587
345,004,003,FP2,Alpha,5.8051962385862055,10.3826613356075,53.25513994383379,0.165880700997259
346,004,003,C3,Alpha,0.8641399381749968,1.6200645022393216,8.917601331874847,0.11373380960368829
347,004,003,C4,Alpha,1.850699611538099,4.049348317230953,20.636481848441175,0.07331954097638886
348,004,003,T5,Alpha,1.4002450398758413,3.117600224571956,31.247181327381032,0.18977200633185143
349,004,003,T6,Alpha,1.4857426605134965,2.2908616471931946,22.040103596420998,0.2459302412530131
350,004,003,O1,Alpha,1.1430722392233323,1.0297596251671943,5.132823496854378,0.10459653612666761
351,004,003,O2,Alpha,1.143072239222199,1.0297564801808847,5.132823496854652,0.10459653612686941
352,004,003,FP1,Beta,7.507217795072398,5.684786735282921,41.14507716478329,1.0650589243255373
353,004,003,FP2,Beta,14.519031507602259,21.190569893721836,142.38901511239155,0.7158690656345369
354,004,003,C3,Beta,2.09877702109429,1.558526264290134,10.077105223533339,0.4899934309159976
355,004,003,C4,Beta,3.3349600334755216,3.6865574409780506,20.894712275386624,0.3708300911823523
356,004,003,T5,Beta,4.770288448464063,4.232147266884482,29.313807268395504,1.1561648939006588
357,004,003,T6,Beta,4.523385633637309,16.229081605495733,160.21573265937815,0.9320415898087018
358,004,003,O1,Beta,3.806415327061894,2.65690513202427,17.94934583359785,0.7267215959931957
359,004,003,O2,Beta,3.8064153270587173,2.6571232804110836,17.949345833600994,0.7267215959909065
360,004,004,FP1,Theta,4.812705077978719,29.534524414015433,213.90932640760957,0.4496063603905236
361,004,004,FP2,Theta,7.5789812467340845,118.39000551872539,1126.7712064492537,0.710672847961019
362,004,004,C3,Theta,2.0356954275052983,6.695596453899323,56.43877765886346,0.3109525021611893
363,004,004,C4,Theta,4.32275407353947,26.375471846993893,232.8866270972443,0.4130566259540734
364,004,004,T5,Theta,2.718862847235907,9.201149836014116,62.85922555791382,0.46580089660043306
365,004,004,T6,Theta,2.882610607447177,7.065614541336265,51.6361366282677,0.1826513036411144
366,004,004,O1,Theta,2.1176470602626885,9.998144183594167,86.34459302496397,0.2938882226789438
367,004,004,O2,Theta,2.1176470602645434,9.998048503578309,86.34247180629,0.2938882226868118
368,004,004,FP1,Alpha,2.301984912506605,10.354727351953029,82.65167448825703,0.29526564551869083
369,004,004,FP2,Alpha,3.555434057412938,28.61022805584181,231.3220610211721,0.22109508843128464
370,004,004,C3,Alpha,0.867370265103589,3.1463442108011206,22.652143134258868,0.13058214844067983
371,004,004,C4,Alpha,1.8309342247730473,5.009899381358671,35.91725300058313,0.1162841654892951
372,004,004,T5,Alpha,1.891666390847878,5.822985222019573,48.42634248873047,0.22397934427681915
373,004,004,T6,Alpha,1.2358245767852671,1.9529324816571125,11.747554130079205,0.14257580911911247
374,004,004,O1,Alpha,0.7227253852483148,1.7931220309725335,13.28752658497914,0.09893037169237766
375,004,004,O2,Alpha,0.7227253852489366,1.7931208478526786,13.287526584978526,0.09893037169213781
376,004,004,FP1,Beta,14.549976860193334,9.767073191549471,73.93756246193402,4.53753984940766
377,004,004,FP2,Beta,15.709115820417114,20.24352626626359,133.02097451474177,1.329400662701877
378,004,004,C3,Beta,2.7034094253944363,2.720600226300543,25.28983391940233,1.0358371277354979
379,004,004,C4,Beta,3.9800353289592705,6.825214426431431,54.067696392325665,0.5208739899162422
380,004,004,T5,Beta,5.161212099179006,8.10421554907678,44.13887457233762,1.670416065546962
381,004,004,T6,Beta,2.900720910370957,4.72228770580593,32.58056629079676,1.1234668392365723
382,004,004,O1,Beta,2.7618209571164556,3.2143614785042662,28.636399253964775,0.9889521139037173
383,004,004,O2,Beta,2.7618209571905523,3.214350856170008,28.636399253958047,0.9889521139060168
384,006,001,FP1,Theta,7.829242824729279,11.683101544854278,54.75888695100327,1.321463697651471
385,006,001,FP2,Theta,11.481291534016911,17.989343495636145,115.93854543580258,1.180516538286298
386,006,001,C3,Theta,14.032087096382812,40.59378370667567,237.18828652084403,0.9008436264210111
387,006,001,C4,Theta,3.2800361675665464,4.208375380023346,21.00377835122834,0.2970763687601625
388,006,001,T5,Theta,3.6866003327499715,4.56036136433843,30.720512258130086,0.8217686342505914
389,006,001,T6,Theta,3.0535374931181574,2.417243501137626,12.934991806073711,0.5310179782921094
390,006,001,O1,Theta,9.992286840237043,18.71625524572913,123.15741167238393,1.6891384271317547
391,006,001,O2,Theta,4.071587265329889,5.988629100182137,50.5736072499389,0.8928713296070017
392,006,001,FP1,Alpha,3.1894133403596556,6.773642401975361,55.65831675136852,0.2361224556399269
393,006,001,FP2,Alpha,3.663217654526037,8.244210232120539,65.43965144501401,0.3357779107671405
394,006,001,C3,Alpha,7.3869212320042195,13.560873317630357,71.19659242379085,0.7101671583160765
395,006,001,C4,Alpha,1.2132258037051427,1.7711694660887303,8.65374860981024,0.2837754687208189
396,006,001,T5,Alpha,1.694563589849053,1.4289144718382547,9.232413475796097,0.30188673821217116
397,006,001,T6,Alpha,1.5009734215726196,1.1042184929276577,5.697469290493631,0.18175017581558636
398,006,001,O1,Alpha,5.065933464027613,8.33670811036987,59.16846186425188,0.7606190282794348
399,006,001,O2,Alpha,2.0837553087235405,10.006560582027522,92.92017114293297,0.29492904597431396
400,006,001,FP1,Beta,10.053562313658064,12.970599974246165,55.822393616892455,3.1015244232741708
401,006,001,FP2,Beta,9.473445948883098,14.858526652908001,78.83248247026158,2.8022816853964057
402,006,001,C3,Beta,20.15197273461485,42.4705320858424,223.59246995600682,1.871629588967564
403,006,001,C4,Beta,3.932581362041483,5.697412312885039,28.52916536569863,0.9729126696594056
404,006,001,T5,Beta,4.386284603395656,3.3098681427614856,15.78609310662526,1.0277207496074126
405,006,001,T6,Beta,3.8555472981152206,3.526598773433767,23.859945361811562,1.4445029434176897
406,006,001,O1,Beta,19.109387059107924,22.608003050569295,124.34311204730845,4.1359312917227635
407,006,001,O2,Beta,5.0590911997424906,9.304972673778737,84.70377351158513,1.2720754695339385
408,006,002,FP1,Theta,19.087507032807544,31.65388146234347,155.29299599678134,0.7863701036168107
409,006,002,FP2,Theta,14.433909624543912,29.283958205778415,173.28826609334263,1.0593467139255743
410,006,002,C3,Theta,40.72472567956018,57.340742165758925,391.4340942283038,2.204612029380433
411,006,002,C4,Theta,5.064006085072911,9.602049398647667,63.96796577505551,0.637851054815824
412,006,002,T5,Theta,6.456274642900531,4.750366571667615,22.097737533239865,0.7920266500243146
413,006,002,T6,Theta,5.145920609190348,10.620207349514395,67.98233749318666,0.4659378525763201
414,006,002,O1,Theta,15.446186130955704,45.13303346314396,229.9446880615389,1.5749042063645604
415,006,002,O2,Theta,7.0476374101999415,15.371122455408463,106.73613333334698,1.5417366685348017
416,006,002,FP1,Alpha,6.921806066271422,11.732393268305957,74.08259475255805,0.49380551100397574
417,006,002,FP2,Alpha,6.363001777503859,10.872005710049004,68.78014471178594,0.9400479931110777
418,006,002,C3,Alpha,20.265209496045312,22.770955715349345,128.1748964081887,2.3113554630376507
419,006,002,C4,Alpha,1.6994352892611764,23.111986018061586,205.9800977845296,0.15392137303002823
420,006,002,T5,Alpha,3.4315592211696533,3.6041228075799716,17.83426914822353,0.49448773875872015
421,006,002,T6,Alpha,2.5468379041143088,5.490594124182214,36.01406624957755,0.13833745121862895
422,006,002,O1,Alpha,6.5014503211098384,20.47294530996261,114.1737595992469,1.3486421602612446
423,006,002,O2,Alpha,4.105653688270088,7.938992444146406,43.4005418976922,0.7238363089931361
424,006,002,FP1,Beta,19.262977316894954,23.97063453568308,151.32855155937528,1.8779931000762495
425,006,002,FP2,Beta,21.212206772240872,21.895316457688416,151.12193036756793,4.53636690152259
426,006,002,C3,Beta,83.2099713254921,119.55515199398178,686.971055110413,5.769131903281981
427,006,002,C4,Beta,5.518381272015627,8.682553400030278,60.099995314699164,1.2896746452451908
428,006,002,T5,Beta,11.316756176415492,8.409067919284608,50.55694557901794,3.193472669518645
429,006,002,T6,Beta,8.617040384380264,6.631463336086881,34.8533709726928,2.0068387605474878
430,006,002,O1,Beta,15.879339325023608,20.14204260567939,139.30020688258386,2.3614211352341177
431,006,002,O2,Beta,10.232811538247788,12.01555449860022,54.928237268476934,2.9261097310280455
432,006,003,FP1,Theta,31.99562108651203,69.00230252221456,617.3682574575031,5.948841174054851
433,006,003,FP2,Theta,28.316063612214315,31.42988065361569,162.17003846957178,2.162589398690872
434,006,003,C3,Theta,66.36526171924523,123.83662279407454,874.5482121537154,4.525436620041936
435,006,003,C4,Theta,24.41802502330715,89.58059005972177,364.70407657778685,1.3216801306125294
436,006,003,T5,Theta,18.167388469146093,31.417947295434026,161.2737873854021,3.3054381731362654
437,006,003,T6,Theta,16.154743926178003,27.037500709587746,151.23789015870958,0.9264357951409797
438,006,003,O1,Theta,340.0217675028526,795.620356043973,4421.023839436302,3.1212082570669812
439,006,003,O2,Theta,22.74708814897788,35.697203924672344,173.20524869320744,4.286046933229577
440,006,003,FP1,Alpha,8.596744745201452,29.905590218815625,279.98440546854334,1.6854381632863065
441,006,003,FP2,Alpha,7.865341468834176,9.39204668388209,47.16825332579427,1.5116115452406107
442,006,003,C3,Alpha,32.17249090371793,46.85550847877797,364.2561798280064,2.2013338167076837
443,006,003,C4,Alpha,5.387042036537926,43.26879685050037,257.73803624665595,0.501085454460693
444,006,003,T5,Alpha,5.61006137336207,10.284778329201364,59.02432210272036,0.4828796052878063
445,006,003,T6,Alpha,4.051804984554564,8.891723738674255,64.84384375573069,1.0255348905779504
446,006,003,O1,Alpha,55.29566072937853,162.9725021586721,1092.0487152556047,1.5894478943579378
447,006,003,O2,Alpha,7.348586153491491,10.643343603049432,49.76841672175483,1.0100001060572295
448,006,003,FP1,Beta,19.938502756216106,46.511973210009835,379.81957568243143,4.108064638982945
449,006,003,FP2,Beta,18.727882562081206,28.399616165502835,156.92864035053094,3.5138566593904805
450,006,003,C3,Beta,57.80220565984044,101.84664623520855,487.5883196489015,0.31772298121620995
451,006,003,C4,Beta,8.169109017557195,102.89821111685855,559.44826155593,0.5436647330587019
452,006,003,T5,Beta,11.399503711356086,9.407375685357506,46.14120342815046,2.252599916110868
453,006,003,T6,Beta,8.749909249963599,9.641956347279702,53.24758344692537,1.632016944576581
454,006,003,O1,Beta,50.60917422449773,180.49600202416556,1483.6546119818781,3.5045441959650323
455,006,003,O2,Beta,14.280061886817027,29.12722762985251,171.4341625532635,1.2945190373037632
456,006,004,FP1,Theta,17.675929696761038,30.446644947317154,175.19394943739857,0.9135870507818163
457,006,004,FP2,Theta,19.777317535974163,27.76958981795072,147.91308714227074,2.020893680051989
458,006,004,C3,Theta,77.27448761444123,239.6284853787999,1341.2108323146597,12.166472739228608
459,006,004,C4,Theta,9.996140014152182,72.82696981718509,351.07047429192943,1.393194560956026
460,006,004,T5,Theta,10.017635841373258,13.861972511578704,90.47117125246432,1.702748240812815
461,006,004,T6,Theta,10.230194906049409,18.82101840562875,116.00687757869024,1.9431312446322293
462,006,004,O1,Theta,129.44908358603152,319.4119584621945,1754.806788136162,3.362255233039652
463,006,004,O2,Theta,11.509310310927194,18.1693475134843,111.50469257503451,2.1334075977541738
464,006,004,FP1,Alpha,6.579689439306371,12.609515677622587,92.68505578805718,0.49084887678952094
465,006,004,FP2,Alpha,8.145264771885646,11.57682143413054,62.87830881225602,0.8636235408802568
466,006,004,C3,Alpha,38.301070465128305,62.970253784383445,452.08290407471213,3.751796700996838
467,006,004,C4,Alpha,3.8910533392091695,41.584944939313026,226.83709407274262,0.4964799307895265
468,006,004,T5,Alpha,4.60480281250331,4.3600262307167235,23.949097201495892,1.6179253064475627
469,006,004,T6,Alpha,4.104547540752903,6.272409974112955,29.292851374963366,0.5191441021519495
470,006,004,O1,Alpha,30.579821331326393,114.00053716185124,836.3904311983764,0.6482693263849524
471,006,004,O2,Alpha,4.929928929438136,5.900549838427238,31.028006925450306,1.1507561210257307
472,006,004,FP1,Beta,20.070133126696014,24.129035800918206,143.21936635263714,4.949791824778623
473,006,004,FP2,Beta,21.348717604327938,23.33730667673046,116.5801485866865,4.661809742872535
474,006,004,C3,Beta,67.82611795427641,103.86352753142303,480.8086379764053,7.466408478790932
475,006,004,C4,Beta,8.150130623345003,23.692881914474672,131.91716745949492,1.6273224246261146
476,006,004,T5,Beta,8.200358430047904,8.551633296951072,67.33702548240609,2.911893903497491
477,006,004,T6,Beta,7.41549344884013,8.444547230183195,47.612406730508496,1.9401954359660663
478,006,004,O1,Beta,65.07894967729776,153.70870675363327,1234.03589247643,2.5554294344662143
479,006,004,O2,Beta,13.013871807428623,14.86463095642918,73.83358939752388,4.057035689759079
480,008,001,FP1,Theta,3.745342980123581,9.28605629323251,39.867975854100905,0.19152494143543553
481,008,001,FP2,Theta,2.368244556138313,5.306788179967792,24.025350418336544,0.30099243899035316
482,008,001,C3,Theta,3.135903407983868,2.17477656276765,13.315907782901306,0.6388219732000444
483,008,001,C4,Theta,1.194100416839173,1.495558362226843,10.790880594270051,0.08730747559965876
484,008,001,T5,Theta,0.8401794386224574,0.9274584529051495,4.478687631742341,0.16762576262498277
485,008,001,T6,Theta,0.9221921594288659,0.8616181935325478,4.098883305677227,0.14210905229493215
486,008,001,O1,Theta,1.3420969073888611,1.3001375571832863,8.115211787856637,0.30767905819252855
487,008,001,O2,Theta,0.9903714089025137,1.3544264131769135,9.511613410649407,0.16317656353433663
488,008,001,FP1,Alpha,0.9831364955767837,3.1775139613743506,19.160505285732714,0.1333627344589568
489,008,001,FP2,Alpha,1.0284023530557898,1.5730347921738905,11.509770740875766,0.07206482152448623
490,008,001,C3,Alpha,0.8827293488177692,0.7605584823611725,5.354345865725131,0.25604288621428045
491,008,001,C4,Alpha,0.46378335148801797,0.3688422617136697,1.9341815435757572,0.07676843199932404
492,008,001,T5,Alpha,0.37212199702692156,0.3827101789346827,2.2127313303547957,0.05990739227217955
493,008,001,T6,Alpha,0.38420111045907457,0.24944614083520827,1.1914790109518607,0.0936413914869891
494,008,001,O1,Alpha,0.4453418121987027,0.702433085909055,6.188416839171467,0.15149254262195053
495,008,001,O2,Alpha,0.3849972415734982,0.3217813054452307,1.5674184699368654,0.09982552238196316
496,008,001,FP1,Beta,2.9522089432339564,2.947144199793316,19.87614423886512,0.7058802003852797
497,008,001,FP2,Beta,2.2679101256004124,1.0478816041759194,6.271027179184321,0.49502106502096427
498,008,001,C3,Beta,1.5200683250873435,1.1011340367207436,9.063455565013367,0.5969121326302387
499,008,001,C4,Beta,0.9097117415810787,0.5463247108807837,2.9795766137237067,0.35416704647399005
500,008,001,T5,Beta,0.8861411862769877,0.3525520882776576,2.3664579603389093,0.3919110298034697
501,008,001,T6,Beta,0.8023829825672849,0.3027869076871932,1.9147616499361235,0.3157950633821331
502,008,001,O1,Beta,0.8603374233959376,0.4250207302106654,2.9003183180670784,0.4488511053920248
503,008,001,O2,Beta,0.7486459989065244,0.37948805025800486,2.41163035327377,0.32673427445248554
504,008,002,FP1,Theta,0.014127531530724087,0.010526924738880308,0.05699817435666859,0.0031236147239550706
505,008,002,FP2,Theta,0.014373064548126823,0.010709880097319829,0.05798878858436571,0.0031779023782913603
506,008,002,C3,Theta,0.13383288832178541,0.09972363111605016,0.5399549303170146,0.029590617412694246
507,008,002,C4,Theta,0.13746421479329363,0.10242946124530701,0.554605683629437,0.03039350819437335
508,008,002,T5,Theta,0.4940838943011524,0.3681594310151516,1.9934041479898834,0.10924256114751828
509,008,002,T6,Theta,0.49162320751000854,0.3663258860253809,1.98347639419568,0.10869850024944627
510,008,002,O1,Theta,0.05520780098077202,0.041137290308627006,0.22273840686946172,0.0122065131934559
511,008,002,O2,Theta,0.05324908231736031,0.03967777957176279,0.21483586652469938,0.011773438070329177
512,008,002,FP1,Alpha,0.007471429012555343,0.00847447417591323,0.05661167386399078,0.0016073777774542565
513,008,002,FP2,Alpha,0.007601280608060926,0.008621758449232773,0.05759557080834231,0.0016353136072134945
514,008,002,C3,Alpha,0.07077831838255427,0.08028036274449607,0.5362935350363713,0.0152270062263205
515,008,002,C4,Alpha,0.07269876696869385,0.08245863304884349,0.550844942651511,0.01564016499084462
516,008,002,T5,Alpha,0.2612992039330396,0.296378825549486,1.9798870188184803,0.05621502030768702
517,008,002,T6,Alpha,0.25999785509929435,0.2949027696212696,1.9700265844032978,0.0559350525542275
518,008,002,O1,Alpha,0.029196973658857824,0.03311669010988036,0.22122803386247725,0.006281337418756791
519,008,002,O2,Alpha,0.028161093652668,0.03194174240617477,0.21337908007152995,0.006058481724184846
520,008,002,FP1,Beta,0.024633772044778103,0.01849764406964214,0.09601161381547131,0.007331817512363963
521,008,002,FP2,Beta,0.02506190093389768,0.01881912856630217,0.0976802720091492,0.007459242694391235
522,008,002,C3,Beta,0.23336057370274263,0.17523182500811993,0.9095369252168264,0.06945575114759964
523,008,002,C4,Beta,0.23969241365121577,0.17998644080383133,0.9342156537024444,0.07134031413432969
524,008,002,T5,Beta,0.8615199333826249,0.6469203765320413,3.3578259548675367,0.25641655380011674
525,008,002,T6,Beta,0.857229304311562,0.6436985179695469,3.3411029690156213,0.2551395220364434
526,008,002,O1,Beta,0.0962642611341155,0.07228539891694287,0.37519576975209884,0.028651397533219325
527,008,002,O2,Beta,0.09284889950850386,0.0697207838184197,0.3618841916129009,0.027634874033204238
528,008,003,FP1,Theta,6.370216805812942,25.086008181580304,126.50395540510978,0.7560289048664761
529,008,003,FP2,Theta,8.162894289980976,23.18458850384436,106.64731447253874,1.2484996996304223
530,008,003,C3,Theta,6.359811051565048,7.194190915415316,34.25208175800979,1.2102622412745017
531,008,003,C4,Theta,3.6608322345948765,5.127953288245695,32.932151910944256,0.7067888845372224
532,008,003,T5,Theta,1.5312226182248225,2.537456830350206,13.930978926788141,0.264687038277989
533,008,003,T6,Theta,2.0752327762607514,2.8130553390605098,14.268802095444647,0.3872196379366064
534,008,003,O1,Theta,3.32285436450055,4.048101964349949,20.825352812261666,0.8648027624777802
535,008,003,O2,Theta,3.3622836151060267,6.208795868814392,35.90904873877046,0.49297458155048823
536,008,003,FP1,Alpha,2.6384705531172177,5.1140133581646365,22.133550092280178,0.21109370348397677
537,008,003,FP2,Alpha,3.0446107507213034,7.316544479854038,52.96653009705116,0.46276703778133144
538,008,003,C3,Alpha,1.7267661880062501,4.918780897224138,26.65361386933795,0.2609045501819924
539,008,003,C4,Alpha,1.2634380469123825,2.108802030912309,10.295265726016453,0.260984693738609
540,008,003,T5,Alpha,0.7830954414036629,0.5264906394270612,2.3239833221597364,0.18525964970364242
541,008,003,T6,Alpha,0.8669151679675156,0.9041261746377304,5.29536519742428,0.037885908574426794
542,008,003,O1,Alpha,1.3803810865063497,2.3347286331193255,17.547642854428307,0.1046037216218365
543,008,003,O2,Alpha,1.1593377909084563,1.7415006378019944,9.705323614937726,0.18268393738434996
544,008,003,FP1,Beta,4.826064276899697,17.471627693804287,83.36764151888379,1.496137966575949
545,008,003,FP2,Beta,5.5287487610494255,13.573215190771814,82.67797987870387,1.979259032141153
546,008,003,C3,Beta,4.0187002512360195,31.964992066018418,159.17010320944593,0.9713733424348597
547,008,003,C4,Beta,2.1915379853209527,3.370791695559825,17.319104365337683,0.7599718664310122
548,008,003,T5,Beta,1.5689728076839629,2.078388230504742,14.763036576559509,0.5132883109165723
549,008,003,T6,Beta,1.9326819443874101,2.878373719772726,18.829781958536493,0.6062726274070384
550,008,003,O1,Beta,2.242990884717139,9.70011906681948,71.48583813717009,0.7092061534013123
551,008,003,O2,Beta,2.351290358306535,4.106501387807938,28.69417262767033,0.6600295230497285
552,008,004,FP1,Theta,1.5977787760189128,3.4415270589524702,19.387151876884943,0.2523826908066088
553,008,004,FP2,Theta,1.534646169700793,3.2747517821728223,18.96253608141028,0.11163978029724703
554,008,004,C3,Theta,5.363231001025616,7.314782918800413,50.866485589820144,0.972128142960095
555,008,004,C4,Theta,1.2893090089272252,1.3767715832434935,8.395510061607247,0.07125481367147837
556,008,004,T5,Theta,0.6824015791104503,0.9395620893239428,6.008144142505267,0.17914993479287492
557,008,004,T6,Theta,0.7828969351844112,0.9675558217986295,6.507901008924067,0.1466293460878711
558,008,004,O1,Theta,1.3232282428184623,1.9541909793690948,13.244299778164036,0.2476988012013273
559,008,004,O2,Theta,1.2461346798282167,2.6058617538076962,18.526229846503483,0.07682526164942022
560,008,004,FP1,Alpha,0.6308990916658199,1.244633221777873,6.874352833001551,0.12226366108340193
561,008,004,FP2,Alpha,0.6552862990858894,1.5019959822581317,10.786087313298232,0.03874143344209142
562,008,004,C3,Alpha,1.2215917497971744,2.0711601460704983,14.854392048263371,0.2946462077472722
563,008,004,C4,Alpha,0.47725697934668154,0.5436534802644202,2.481021780779762,0.1506984481775122
564,008,004,T5,Alpha,0.3951584060071046,0.3411592159470021,2.0931972051213124,0.07607796780597656
565,008,004,T6,Alpha,0.3640871670440906,0.45057714876389143,3.537860355810899,0.06859963985330314
566,008,004,O1,Alpha,0.4195094661004036,0.387548789481531,2.0819369449595184,0.10553346940052513
567,008,004,O2,Alpha,0.39251634395245893,0.6701642535058328,5.2862020362123925,0.08188118016228368
568,008,004,FP1,Beta,1.594921390923734,1.503360584184563,8.006551776505598,0.4122815335951896
569,008,004,FP2,Beta,1.5727508648535184,1.8747843493726863,15.052497824033598,0.20664712345312505
570,008,004,C3,Beta,1.562936594425604,3.049085821260353,22.6249505932505,0.44654746888280594
571,008,004,C4,Beta,1.1286306589245276,0.7051733528833193,4.422288329360139,0.4272371905748446
572,008,004,T5,Beta,0.8893219829909415,0.5647480807930214,2.7932856557293517,0.39278476627255376
573,008,004,T6,Beta,0.7407217393393679,0.4397096649044667,3.7483280623205255,0.2766828144529001
574,008,004,O1,Beta,0.7230643116554113,0.6078343530583179,4.6490023407845955,0.24003386859066042
575,008,004,O2,Beta,0.795903957673959,0.6992748497162684,6.136787263999466,0.2790501136648514
576,009,001,FP1,Theta,80.98772465640437,116.36421113372984,693.0131942311576,5.720404612838815
577,009,001,FP2,Theta,74.04726467757254,78.18920531948176,357.7092414678966,7.706807843213837
578,009,001,C3,Theta,15.553313212286763,34.606798913883885,224.25595392086555,3.3753439245452483
579,009,001,C4,Theta,72.24027454179813,492.08373048313865,2717.3865291526495,12.673523819338904
580,009,001,T5,Theta,22.00250400049989,26.877996001656395,151.73574783409683,4.774212277877072
581,009,001,T6,Theta,35.02840259469785,118.8948103127074,712.3314924238058,7.585212969357222
582,009,001,O1,Theta,32.45171843945777,221.19626510048928,1739.418619771548,3.814788134029353
583,009,001,O2,Theta,24.013924057770218,150.69124694250377,872.7071252005161,1.656159293582523
584,009,001,FP1,Alpha,12.69362513119458,24.005472564985855,194.28584583810442,1.530977745043398
585,009,001,FP2,Alpha,14.010498158912533,19.376911509883296,116.64403001651993,1.814423364414365
586,009,001,C3,Alpha,6.4581507973934755,11.984111983526638,95.07301330919509,1.0123451209378902
587,009,001,C4,Alpha,17.603889739893752,135.80146737634536,847.3440655290502,2.583464916615941
588,009,001,T5,Alpha,5.854595654827358,8.699025889872939,51.977398081527014,1.4933170779993077
589,009,001,T6,Alpha,10.336619433481054,37.10023584061057,224.97474299072516,1.4557265874522767
590,009,001,O1,Alpha,7.919384183299158,83.93166866284014,633.039009834297,1.3539774046790467
591,009,001,O2,Alpha,4.300912714740814,46.56074921091472,305.0327614800993,0.7176538554381446
592,009,001,FP1,Beta,14.653032054384642,21.814864793215833,153.81518975731763,5.000924526389157
593,009,001,FP2,Beta,16.7551250552594,24.052879608563924,176.8206083583918,4.090591944022689
594,009,001,C3,Beta,10.797431236581687,16.383751287079367,110.6548550264208,2.4796203124663356
595,009,001,C4,Beta,47.31649415694899,173.76638730751225,1232.7643551400324,6.528105025933966
596,009,001,T5,Beta,9.808145481810573,10.41341157195206,73.2349250629262,2.8545624488813917
597,009,001,T6,Beta,20.910820153230418,59.1308264635915,351.06049983332264,5.040760693221029
598,009,001,O1,Beta,13.591160139276013,97.728836077518,866.5826228572953,2.440822790530688
599,009,001,O2,Beta,4.369251511747202,54.8799257842991,397.6985690589654,1.2087616510455643
600,009,002,FP1,Theta,75.88438920827608,75.727610942613,395.93359248880256,7.279944514587239
601,009,002,FP2,Theta,71.46454231400402,67.99582120576108,343.69644829888944,4.192527295682538
602,009,002,C3,Theta,23.790724711342754,50.738123975879,252.39746394388587,1.5377828322900458
603,009,002,C4,Theta,64.40142665059349,131.24210425234676,747.7383925845415,11.853908117584064
604,009,002,T5,Theta,24.37571860124138,36.735207691934924,208.93199731621124,5.797048241072126
605,009,002,T6,Theta,30.37508461326446,72.26724010982859,472.6031708797195,7.226367299278705
606,009,002,O1,Theta,232.72092450729937,527.075390475604,2267.399090031093,9.407624402643977
607,009,002,O2,Theta,34.824219261417895,93.11692867086951,483.5244024678147,5.120421447252666
608,009,002,FP1,Alpha,17.98581751191289,12.680424842290021,56.55747485209047,1.6864029548056416
609,009,002,FP2,Alpha,17.1916032577572,11.810438742423306,47.19716258831397,2.326807994744837
610,009,002,C3,Alpha,9.385349472011626,19.475440827252797,144.97319956605253,2.4602417816104802
611,009,002,C4,Alpha,18.572335811522464,54.54705194137132,377.3661694386597,3.3997663785067513
612,009,002,T5,Alpha,6.414755638525083,8.817924709749713,48.45352404382359,1.4301834595426695
613,009,002,T6,Alpha,10.066622777353412,33.775380763715965,254.0527880913113,2.0113377655263225
614,009,002,O1,Alpha,41.66464397110234,141.46047393250004,533.4890528373369,4.548598729434599
615,009,002,O2,Alpha,8.20902006641293,29.974904592743204,209.17798611986797,0.5934106591321784
616,009,002,FP1,Beta,15.607139931782875,13.13056543209324,77.5070135201682,3.776156805720064
617,009,002,FP2,Beta,21.959501852009403,23.738960366949687,134.3080297748213,4.325718203646092
618,009,002,C3,Beta,11.037451901268241,13.071829713936966,78.98199816631869,4.747224662606822
619,009,002,C4,Beta,22.82261511543684,84.01679813213381,643.5803117026196,6.2050604806833185
620,009,002,T5,Beta,9.774686805801704,12.639357422143117,73.75813516253432,3.426811679114407
621,009,002,T6,Beta,20.171906049875098,50.929324295100876,328.42966972816,2.3818359765301733
622,009,002,O1,Beta,33.56030454320573,143.02745856787675,843.8011854014585,5.32156998856166
623,009,002,O2,Beta,10.127413320306013,31.687461862353768,178.45965754170223,1.6390405635358052
624,009,003,FP1,Theta,55.13021077117815,75.79934770710825,367.96843760619515,2.1704766983392223
625,009,003,FP2,Theta,42.15618202927299,67.40883581477091,386.61746786094966,2.564813985681145
626,009,003,C3,Theta,25.98506341317131,59.61356069717763,278.26309719542803,2.0485472631093447
627,009,003,C4,Theta,30.399143848088688,30.738773071678597,131.1846835005234,6.860757481953883
628,009,003,T5,Theta,17.703104996862333,31.075158640398218,167.6341589971602,2.73233995627526
629,009,003,T6,Theta,19.855635410801135,21.66699708778293,117.01584228783351,2.2969531885642547
630,009,003,O1,Theta,66.24532824597927,170.4705672241652,1117.6250703534065,2.9555377236042895
631,009,003,O2,Theta,39.92032877117272,163.71572945337135,1146.9905142419648,2.4367163310139763
632,009,003,FP1,Alpha,12.788863459041394,12.848915646442348,61.21094659510624,2.0345604687379453
633,009,003,FP2,Alpha,17.594277031926037,14.91345734370336,92.86713757646605,3.1872529039543034
634,009,003,C3,Alpha,14.190220761236063,30.166946001607847,185.09890916398902,1.7260218777494325
635,009,003,C4,Alpha,13.400797158019989,13.998847555235884,73.8649303565517,2.1516867259509684
636,009,003,T5,Alpha,7.083347306074682,10.387721213019288,50.934971974433985,1.256977603207659
637,009,003,T6,Alpha,8.704280633127311,6.657215828871206,36.6160719248563,2.0425059520555533
638,009,003,O1,Alpha,18.85407695329151,51.90815179827616,272.7593179003262,1.242179149628772
639,009,003,O2,Alpha,10.104485186031622,77.03478337380079,661.0078504778626,1.847172773361865
640,009,003,FP1,Beta,46.94025860606625,38.29497522280644,184.2872705802094,7.720122775096777
641,009,003,FP2,Beta,121.88008100943209,102.49068613040997,620.5453712425181,8.00673098849251
642,009,003,C3,Beta,24.923113926120216,24.17730810330519,131.2883646206817,5.419555216792389
643,009,003,C4,Beta,29.698306539240647,42.333481148444754,270.87958638986873,6.591446482214849
644,009,003,T5,Beta,13.068939901658034,22.053199109054212,136.6397441147119,3.632755484349323
645,009,003,T6,Beta,27.670747516999594,53.979651430012915,439.8453704036238,5.304358849071768
646,009,003,O1,Beta,25.13217842980559,37.93126768410061,171.90754467013795,1.9790858596581227
647,009,003,O2,Beta,16.935844946514955,33.602555174688014,229.75607948005694,4.218171432123787
648,009,004,FP1,Theta,38.00942126161928,87.7707620224715,565.0673702811844,4.391784844110438
649,009,004,FP2,Theta,32.03272365008742,56.88623020032403,361.3257654036862,3.239671208465657
650,009,004,C3,Theta,4.571272605643669,10.76175269451718,69.98205840803507,0.5331561934676217
651,009,004,C4,Theta,1.1036107238489503,4.962747394068859,40.983838883277194,0.01679102700694093
652,009,004,T5,Theta,0.22800066890888823,1.2427506435842013,9.847881894003415,0.026161016899123757
653,009,004,T6,Theta,55.34680109656877,89.9921369055776,495.32892357346856,5.6141550813359995
654,009,004,O1,Theta,3.917130389575336,6.3324513979598755,34.62092667735618,0.4057730543166187
655,009,004,O2,Theta,14.82992292308833,24.5147431632645,134.12863794843705,1.5151320515826485
656,009,004,FP1,Alpha,6.630962434668174,35.73204470982498,238.02980985634184,1.0642902131048186
657,009,004,FP2,Alpha,6.748907066064367,26.80704790626064,195.03240001829462,1.430476009500949
658,009,004,C3,Alpha,0.8043594189013956,4.373508528795522,28.916121383402604,0.13166427556713278
659,009,004,C4,Alpha,0.29156865107707886,1.8263864623139245,14.636742272861513,0.004664151151399551
660,009,004,T5,Alpha,0.09261998313044281,0.45241910661767987,3.488046228226739,0.01736320806582734
661,009,004,T6,Alpha,7.696599538112413,38.49574311541118,285.3971973828081,1.0152573556871516
662,009,004,O1,Alpha,0.6306218280394594,2.786105926109234,19.299452362234252,0.14631726697664788
663,009,004,O2,Alpha,2.089500883150185,10.44772699028375,77.62153436267832,0.25336321252976474
664,009,004,FP1,Beta,8.821680154865891,31.64296002399427,235.40165226733492,1.9606501698484273
665,009,004,FP2,Beta,18.32278098612424,39.99676537384859,272.2736820942265,4.400573717083313
666,009,004,C3,Beta,1.0985046486155001,3.90332698392369,29.237129649345736,0.24694823700966095
667,009,004,C4,Beta,1.3151466571085377,2.483499220630506,18.966123293446323,0.0044527589543768235
668,009,004,T5,Beta,0.5540575573484787,1.0189104286190236,6.090228206378435,0.09577766192443646
669,009,004,T6,Beta,8.410403985486749,29.778295251767368,165.25272636513188,1.6939298036002342
670,009,004,O1,Beta,0.9843908940206679,2.578835715030848,14.38848555077772,0.20039238297854067
671,009,004,O2,Beta,2.2545469422407827,8.013870336214659,45.286482643618626,0.4373302114342581
