Subject,Scene,Ch,Band,Power,SPower,APower,IPower
1,1,FP1,Theta,-0.4286418979362766,26.165645182448262,162.84431215896913,0.0002464742824891
1,1,FP2,Theta,-0.38520259849018595,5.831550184630363,36.29319177933666,5.493184431441575e-05
1,1,C3,Theta,-0.3917570011183113,0.4544556805349533,2.828346948352387,4.280866647941317e-06
1,1,C4,Theta,-0.3634283100022663,16.557059729636393,103.04439215037272,0.0001559636457857
1,1,T5,Theta,-0.3305251658699306,0.2786532478494471,1.7342242532336107,2.624848684133204e-06
1,1,T6,Theta,-0.4502094873661036,4.790010723785948,29.811074640432143,4.512078521407039e-05
1,1,O1,Theta,-0.17288226354583974,0.558556347073834,3.476227072064589,5.261470677119204e-06
1,1,O2,Theta,-0.1790942435855812,2.982853712505159,18.564065884740334,2.8097787134267677e-05
1,1,FP1,Alpha,-0.36679872111475154,12.031336504531428,92.77933337545932,2.6482169446193183e-05
1,1,FP2,Alpha,-0.3369405986029179,2.6814298720757344,20.677775568037163,5.902094102479437e-06
1,1,C3,Alpha,-0.3246006883983472,0.2089651977158139,1.6114295976546074,4.5995320404529436e-07
1,1,C4,Alpha,-0.2843270011422814,7.613171994952416,58.70877456535023,1.6757349502685764e-05
1,1,T5,Alpha,-0.29058453437209064,0.1281287340549247,0.988061345252889,2.820240997134922e-07
1,1,T6,Alpha,-0.5287281499335317,2.2025151864720707,16.98463763134211,4.847955200411957e-06
1,1,O1,Alpha,-0.0990636277845226,0.2568321675819442,1.9805544702911135,5.65313170233579e-07
1,1,O2,Alpha,-0.15728769486564845,1.3715586414438496,10.576738202824068,3.0189371176670222e-06
1,1,FP1,Beta,-0.4927484631651763,20.034699825266607,152.53460856597522,3.758841380897281e-05
1,1,FP2,Beta,-0.3536548333352435,4.465143383638804,33.995463079279766,8.37734823499331e-06
1,1,C3,Beta,-0.3346241574359298,0.347970901535906,2.649283778696349,6.528510212216465e-07
1,1,C4,Beta,-0.29185106196082017,12.677528849728793,96.52063257960268,2.3785143008683624e-05
1,1,T5,Beta,-0.40433115038493794,0.2133612275589533,1.6244301942481276,4.003009869072461e-07
1,1,T6,Beta,-0.4126454211789788,3.667649941046725,27.923729978176024,6.881118504354001e-06
1,1,O1,Beta,-0.15627053028058896,0.4276794503285693,3.256146491663796,8.023974552701258e-07
1,1,O2,Beta,-0.21136527920480777,2.283932933280224,17.38877143192714,4.285036309991318e-06
1,2,FP1,Theta,-0.4373657228324331,27.06919996220704,119.14848926424736,1.10163912044181
1,2,FP2,Theta,-0.3582875835561984,34.06337575906606,201.822880474592,0.9008298267860536
1,2,C3,Theta,-0.37131385914785175,11.39517938509385,86.736958532005,0.4147190617693678
1,2,C4,Theta,-0.36701577736698404,6.932050887832765,35.005579867869166,0.7734356888708126
1,2,T5,Theta,-0.2899910989465401,36.95296522017115,206.8332961213748,1.216231076417401
1,2,T6,Theta,-0.43425297533240026,11.93318217075247,96.48565209664244,0.4655739372022495
1,2,O1,Theta,-0.1677439312122165,16.3382895202795,92.44172417244457,0.941506016450922
1,2,O2,Theta,-0.16542461119391202,42.71172189638396,203.3720288715864,3.2341199341581386
1,2,FP1,Alpha,-0.36271282336298694,9.684990371361424,50.72355765044853,0.4467679633938513
1,2,FP2,Alpha,-0.30555541243706114,13.609145168172116,79.16524194470986,0.5041464613861979
1,2,C3,Alpha,-0.2889236261829352,7.127979266216661,41.96283299618603,0.3307890479106219
1,2,C4,Alpha,-0.26678613328203443,5.361985352127776,25.085871360040574,0.3647423880241278
1,2,T5,Alpha,-0.21188067277307737,45.31439220909712,296.39864032436094,0.8000989075747436
1,2,T6,Alpha,-0.49263057153670387,6.466703718095876,29.056304343662795,0.3565120930357741
1,2,O1,Alpha,-0.09253075169358425,12.595840301692634,62.02322882807525,0.720230223864327
1,2,O2,Alpha,-0.1320095313709566,26.434415696967356,149.63611218888428,2.107506755726175
1,2,FP1,Beta,-0.45859981158846114,18.81792436458555,85.69824975839794,2.0884430881983604
1,2,FP2,Beta,-0.30378812902113217,36.784382392653846,189.99519292003723,2.973588749739544
1,2,C3,Beta,-0.30403689538297357,21.021233362168637,102.7737592301813,1.439030566358983
1,2,C4,Beta,-0.23935944041760884,14.066596172958052,77.0378376796232,2.0827023944152634
1,2,T5,Beta,-0.36435759938096074,57.15947712942104,230.24507543646823,1.5902286320486891
1,2,T6,Beta,-0.3837637221833732,22.638885821694014,105.57727937047346,0.8798775387964927
1,2,O1,Beta,-0.14237873845478297,17.311726952037084,123.3773813284556,1.066745778901767
1,2,O2,Beta,-0.15301516048169128,48.34808146292013,237.17682306025824,5.461317780293223
1,3,FP1,Theta,-0.4756683544201258,3.831313809993445,18.53529778807691,0.0630056249030501
1,3,FP2,Theta,-0.380149819296995,9.057917783148412,43.796040366980506,0.1406598077416442
1,3,C3,Theta,-0.3803041539887381,3.453518913724368,20.06919233694215,0.2444898809859327
1,3,C4,Theta,-0.3889740848446289,5.054171313151303,34.06778065532755,0.3849315441142392
1,3,T5,Theta,-0.32925560882001426,0.892811459832819,5.254446919223366,0.0486373350777485
1,3,T6,Theta,-0.457395245287268,1.432807142856875,9.655184629203928,0.114252285743145
1,3,O1,Theta,-0.17273901624582458,0.738849861474942,3.360400372808229,0.0260248737009226
1,3,O2,Theta,-0.17976738145369123,0.9545124058509864,5.645052180338666,0.0337703141460448
1,3,FP1,Alpha,-0.40434512332136097,1.0827195017633426,6.572777577502382,0.0356973443567116
1,3,FP2,Alpha,-0.32750347931327073,3.092482288586492,14.588101516462666,0.2231459198337319
1,3,C3,Alpha,-0.3071627274573604,2.731542304354065,18.848506475176187,0.0811686300607869
1,3,C4,Alpha,-0.29853679155907353,2.400476862051021,16.39758876163382,0.1127599898329289
1,3,T5,Alpha,-0.2888956605613345,0.6928376573348228,4.753358070844372,0.020676041502282
1,3,T6,Alpha,-0.5331178203226027,0.7052702005628639,4.706117551893138,0.0375981929635202
1,3,O1,Alpha,-0.09883614504014852,0.3543477959238361,2.021701600897257,0.0105206338560762
1,3,O2,Alpha,-0.15792621400641194,0.3198483470343403,2.3326098230330192,0.0124346890232655
1,3,FP1,Beta,-0.4999133231094137,3.871741437113701,22.709057920571656,0.154490036974578
1,3,FP2,Beta,-0.3314421005059359,11.523908555441972,70.51544095264562,0.3087271144593522
1,3,C3,Beta,-0.3189572582752297,4.919971157172228,33.998467270595675,0.1409491346710289
1,3,C4,Beta,-0.29807844278091206,5.240155135449193,32.82078975735148,0.2909437584142414
1,3,T5,Beta,-0.4019733652493176,1.340965155946839,9.22045972610056,0.0214476222244989
1,3,T6,Beta,-0.413441857293324,1.5265992309623242,9.453634818883769,0.0836173923021249
1,3,O1,Beta,-0.1553733661352345,1.100727684973153,6.813608660170873,0.0081045220718636
1,3,O2,Beta,-0.2110198460138787,0.8408873294649702,4.550745926280747,0.0402162322952142
1,4,FP1,Theta,-0.3827146656654118,54.0977533052916,388.9207091407729,2.662791544960179
1,4,FP2,Theta,-0.30916326340463274,54.17257148753433,314.7378983458766,1.965806256744878
1,4,C3,Theta,-0.33336353158344945,45.70759994305008,309.78430049718406,0.8996769017680214
1,4,C4,Theta,-0.33090865894200555,30.79500915915037,141.97784249793477,2.230164883881699
1,4,T5,Theta,-0.1495906394005103,271.82647736280404,1384.3501956896628,5.542694646555778
1,4,T6,Theta,-0.36911812599521676,53.15749049892968,342.8272751628198,1.851485594412973
1,4,O1,Theta,-0.15602995012130752,84.55622178286622,629.8419620695419,1.7653115111730462
1,4,O2,Theta,-0.08398098906215737,727.2888481722345,4279.923775308662,2.5056856614541925
1,4,FP1,Alpha,-0.30822131475409487,21.02948380076468,154.3825121034724,1.1485538188506852
1,4,FP2,Alpha,-0.27174736448795456,19.547990510434992,119.26977435550116,1.303074211110732
1,4,C3,Alpha,-0.2587362818615072,16.10484105369365,100.39887955176717,1.058922888289055
1,4,C4,Alpha,-0.2415088952933227,12.18708842295906,77.87098122219965,1.253733047961461
1,4,T5,Alpha,-0.04364470313429104,75.2726351194955,359.11801316995303,2.2626071563969337
1,4,T6,Alpha,-0.42974866938732736,19.525481113790057,121.39786988739712,1.0736764083293788
1,4,O1,Alpha,-0.0791548742410519,38.19437506066566,325.91517228443627,1.2100789048482483
1,4,O2,Alpha,-0.05811814306422839,341.07425286150584,1817.4040514953324,1.8232646965128616
1,4,FP1,Beta,-0.3639274462052936,52.59404017378164,259.7771321341248,5.192246420728255
1,4,FP2,Beta,-0.2634161221735232,59.41584096470723,258.25981409108255,6.262627239999131
1,4,C3,Beta,-0.2724162092113958,22.041160051482883,135.46413206315407,2.8870551305748795
1,4,C4,Beta,-0.18211435274862722,28.39705121867352,203.06657922101093,2.2699953668927884
1,4,T5,Beta,-0.19552533322605578,131.6551583771005,697.316460497002,12.436549188438244
1,4,T6,Beta,-0.33682535749503073,47.86031742730904,229.44630198927152,4.820455164021023
1,4,O1,Beta,-0.12261194236684822,30.84974549851544,178.64571956631534,4.001817555139308
1,4,O2,Beta,-0.0855616314573595,468.8934567061513,3587.1368655485508,2.95273528700896
2,1,FP1,Theta,4.000448045511675,36.21396151308795,269.16541327281914,1.1242528150425302
2,1,FP2,Theta,5.457643863109123,52.261072735786165,308.9789735430465,1.125256899700643
2,1,C3,Theta,67.72890531209455,47.34369891480357,259.777629106873,0.4961399761871676
2,1,C4,Theta,18.85854060208991,21.45716782027668,140.01001163475215,0.6631305113664576
2,1,T5,Theta,3.415042370870309,20.90215118393942,111.7317164930116,1.433328113094162
2,1,T6,Theta,126.67268141738826,34.770598236866164,186.51001505745623,0.7630881397340997
2,1,O1,Theta,36.26164536248182,103.1831816898113,709.8627066305262,2.2191432396281163
2,1,O2,Theta,94.75467282536393,79.78848741963805,459.5323780939453,2.315898506156586
2,1,FP1,Alpha,1.5865063199708398,8.512277350142046,54.43167505394993,0.4821008336242709
2,1,FP2,Alpha,1.673070158331496,9.15897410115108,48.976674447973096,0.7964048822410709
2,1,C3,Alpha,70.50295284708679,17.684075334669373,114.62536896597416,0.5161489049837319
2,1,C4,Alpha,6.558998398964227,6.437422024225179,42.29357656279625,0.3172371068243188
2,1,T5,Alpha,0.8924926908333278,9.509934664973697,43.54668890605791,1.1422515061594447
2,1,T6,Alpha,251.9678876125021,19.32879853798954,100.15228129109416,1.159727526895873
2,1,O1,Alpha,11.640718898464183,36.604716233308665,257.4713835719615,0.4681630340778078
2,1,O2,Alpha,32.34534687310199,36.134758878590176,231.368188255998,1.0944882324564569
2,1,FP1,Beta,4.158765477093068,10.36200058055186,49.793883167463406,2.7923341850498677
2,1,FP2,Beta,3.5770066949900308,12.82834516749598,91.69290593666088,3.149646488632051
2,1,C3,Beta,92.11417354184768,24.13740892000497,144.93897535716636,2.4039080473404963
2,1,C4,Beta,17.820361351818864,7.486393770236374,59.692073113990574,2.008223051093769
2,1,T5,Beta,2.3135023112799966,10.356083608692623,75.03539785387986,2.940938816142793
2,1,T6,Beta,342.880187502548,9.465445158611775,44.89502958753434,3.7889183371915327
2,1,O1,Beta,38.15949975492508,61.78961920572022,422.66844413427935,1.075715598820938
2,1,O2,Beta,81.98853013967744,53.22400722162344,419.6464841279236,1.2214845291682104
2,2,FP1,Theta,2.745443294510647,37.06839937433568,225.12575607871796,0.5155708292962207
2,2,FP2,Theta,2.680341866941354,37.59704595716623,208.69201405151773,0.4312129841985785
2,2,C3,Theta,24.718148358646204,24.40723509038756,123.83052569129032,0.0075912595272605
2,2,C4,Theta,9.525185013105514,7.726520184625444,46.50021910277411,0.2957160711298943
2,2,T5,Theta,-0.39163916412198935,3.0392158338324298,16.641512153057143,0.0653706082035986
2,2,T6,Theta,5.590055009906047,1.18362212485998,8.965748694552016,0.0624459826251446
2,2,O1,Theta,0.004001611283699514,3.621470478394553,20.22211461005411,0.0093467012646123
2,2,O2,Theta,2.086524515864442,2.064342078772317,12.545934154130194,0.0148093024583504
2,2,FP1,Alpha,0.8139266577673417,29.285936942720856,157.51927770979364,0.1160984016943584
2,2,FP2,Alpha,0.719896041542678,30.311508638998067,164.87912222979125,0.311640583500072
2,2,C3,Alpha,37.39370840496588,18.875458738626627,94.52041368111966,0.0121122149417184
2,2,C4,Alpha,6.2461493846294305,4.482371866854048,21.808498716750474,0.3516058175039581
2,2,T5,Alpha,-0.25938535942461155,2.1986557803021904,10.669330161780865,0.0271737203590142
2,2,T6,Alpha,12.280351415016028,0.3841278883014026,2.2572245456821776,0.0880851700222034
2,2,O1,Alpha,-0.20649108241353728,2.906485410227314,15.219540699191178,0.0037128558849815
2,2,O2,Alpha,0.5320163096629305,1.646907215999892,8.833090991157999,0.0146860473851883
2,2,FP1,Beta,6.57759501055839,255.45495944596476,1151.478507859866,2.4665005240137505
2,2,FP2,Beta,4.877666170596085,264.2805455863716,1226.963036759273,2.508617729838162
2,2,C3,Beta,119.05556443744626,176.57590698931327,845.4965935291208,0.0267904421094148
2,2,C4,Beta,21.116769392577364,30.3296960733805,124.30086120310588,1.5647346883519226
2,2,T5,Beta,-0.4818267871275888,20.904914144082294,102.77644581260736,0.0948695809923676
2,2,T6,Beta,20.057203526988072,1.2107242713758093,6.72131057668761,0.2793770564128212
2,2,O1,Beta,0.46106896854980434,26.42950710204642,123.84105686928449,0.0715382541122194
2,2,O2,Beta,3.2990731840436425,13.737082207208203,60.6320606841548,0.1461030645452464
2,3,FP1,Theta,9.846831196987537,7103.038181737218,65151.89320612183,1.6628636750233226
2,3,FP2,Theta,11.759514476582789,2061.8629370543717,18947.098551999217,0.8533352893388866
2,3,C3,Theta,177.0258730173892,2030.889482556076,18597.91996820089,4.926282421942413
2,3,C4,Theta,62.637798976244525,1486.4940326452872,13657.433067353912,1.9133470660852292
2,3,T5,Theta,8.089115792334722,26359.61502003268,241635.0244444977,1.5958776254939964
2,3,T6,Theta,477.568631874676,11091.499622471158,101709.68266687792,2.90317283806955
2,3,O1,Theta,89.22591661524095,3134.6745387773376,28778.911637086967,7.453001219503886
2,3,O2,Theta,495.992675791691,1031.7429770967508,9317.850169608122,9.469024642971233
2,3,FP1,Alpha,5.735899387864081,7073.184881474856,64860.83335952492,0.9217696793054836
2,3,FP2,Alpha,5.850302894137929,2010.9482774177625,18463.52074007408,1.1094909042064196
2,3,C3,Alpha,387.49687456809284,2000.6646648589533,18383.90769389494,1.3012500452353564
2,3,C4,Alpha,39.48828288047359,1470.4786083461136,13497.320441414771,0.9114003377560628
2,3,T5,Alpha,3.878609777909092,25714.60622014905,235708.58134067015,1.0466813546129474
2,3,T6,Alpha,747.3530378653858,10980.98860300056,100678.75334209914,1.3146853026063663
2,3,O1,Alpha,37.78454692333273,2858.967773908867,26225.672922302,2.9915374259025693
2,3,O2,Alpha,139.86606571218363,941.4527436343188,8634.509568254907,1.7901689418922075
2,3,FP1,Beta,44.26496615184548,5770.680430892925,53052.2273343933,10.254776251564172
2,3,FP2,Beta,38.73046663348572,1650.2220522317143,15128.295247325244,7.012851787057963
2,3,C3,Beta,1601.8309602505744,1699.7774837940578,15242.140796963544,11.333989720810957
2,3,C4,Beta,209.71367016491988,1177.8300717155007,10852.87310477504,5.950371870729433
2,3,T5,Beta,25.723150374845492,21154.76093519219,194039.122934116,8.306152702817345
2,3,T6,Beta,1992.3718021353009,8985.07268123387,82537.7090599071,10.10092218356042
2,3,O1,Beta,279.91113044858804,2731.1710308768133,22195.839759937266,12.751669464721498
2,3,O2,Beta,1242.2981673113873,1019.630528698861,6975.192773748329,5.987444603948159
2,4,FP1,Theta,3.2567042726962248,19.313097109730236,97.26115471171352,0.845470443884232
2,4,FP2,Theta,2.832266306356345,19.82630107095565,79.6824415737746,0.4795556708720775
2,4,C3,Theta,34.18841709979254,10.502808384646784,65.6458550165536,0.8294891548732465
2,4,C4,Theta,13.059455581406892,6.775769214335944,32.41556253665031,0.5740394062118206
2,4,T5,Theta,1.214618666002013,9.188401182976436,39.94396053558738,0.5116400770365762
2,4,T6,Theta,109.7663370601243,27.475938198311923,210.0470825387716,0.5974283702445238
2,4,O1,Theta,9.557297881000402,20.554544880827024,128.30603133086024,0.5569248857523068
2,4,O2,Theta,95.5149275475875,52.07190332702664,261.5280779318577,0.6189561515210092
2,4,FP1,Alpha,1.1032834489073402,5.896287826264686,36.02560070838726,0.6018875246707083
2,4,FP2,Alpha,1.0678120499360877,5.838344789075461,30.63523151139377,0.4425210381375448
2,4,C3,Alpha,57.27085584691887,7.8284450656409295,43.45514128285984,0.2690827971669089
2,4,C4,Alpha,5.5330693084356435,6.720975253097289,43.49560628469477,0.4378000653554506
2,4,T5,Alpha,0.4321672907603879,6.575237343142995,45.31789597976268,0.539439795806657
2,4,T6,Alpha,173.63306665433794,23.99367594131772,184.22939674837403,0.4900171478994007
2,4,O1,Alpha,2.1893278907657856,18.318991738797425,108.88631994922416,0.2124141175120286
2,4,O2,Alpha,22.518498577804603,50.11419007722307,349.2762248761464,0.6986015260919607
2,4,FP1,Beta,2.302763448414835,9.806292971871343,46.66908822133233,1.954450741981285
2,4,FP2,Beta,1.4700461403350544,8.644172813793862,39.23451196864478,2.843958871074678
2,4,C3,Beta,90.34116518820147,19.42012443514152,82.46570165572997,1.3996067601049929
2,4,C4,Beta,14.542199929832279,6.62347956819562,42.29892165224267,0.6692818250990947
2,4,T5,Beta,0.7144271849034517,8.322758151894567,50.685452490810206,1.6156184021089957
2,4,T6,Beta,208.58859417377815,22.16493557860629,174.30523857658753,2.875254495133141
2,4,O1,Beta,5.428214998418656,13.761915767700811,92.096542975294,1.1037173572696004
2,4,O2,Beta,75.86852192037524,33.554490980132265,227.1247729682776,1.4076549756795738
3,1,FP1,Theta,0.5694379802552851,54.6329181229371,308.6427406319824,1.9838215757619304
3,1,FP2,Theta,1.55935714065585,95.77986883383645,541.0979722468109,3.4779429114266645
3,1,C3,Theta,-0.4392957276449794,0.0955883131154962,0.5400157990090119,0.0034709871715612
3,1,C4,Theta,1.372168510641517,54.98620612023326,310.6386028239438,1.996650111662675
3,1,T5,Theta,-0.33846718301263584,0.0951512847705866,0.5375468548130801,0.0034551178698607
3,1,T6,Theta,-0.01683625341259204,12.159045971147204,68.6912103717492,0.4415172860430008
3,1,O1,Theta,-0.10033172604699803,4.909441671078257,27.73535780982375,0.1782708419512885
3,1,O2,Theta,-0.3424711288623136,11.85088191219412,66.9502709713387,0.4303272832015895
3,1,FP1,Alpha,0.21713061767477557,23.121997981752827,137.06383183829035,1.3294183685223482
3,1,FP2,Alpha,0.8635605197065986,40.53640204400372,240.2938793383404,2.3306739112093893
3,1,C3,Alpha,-1.268185011712008,0.0404553309410019,0.2398133016634581,0.0023260126611918
3,1,C4,Alpha,0.12456831415881922,23.271518172895934,137.95016572480935,1.3380151553888495
3,1,T5,Alpha,-0.4890295736283011,0.0402703697700349,0.2387168788173634,0.002315378165918
3,1,T6,Alpha,-1.0568313149360855,5.146008049071623,30.504785202086133,0.2958739824473335
3,1,O1,Alpha,-0.2121617091285798,2.0777967626544847,12.316876175465708,0.1194646407507098
3,1,O2,Alpha,-1.127780342661154,5.0155854212132605,29.731658885459503,0.2883752257533176
3,1,FP1,Beta,-0.03359547078930356,29.71881750269602,179.80032409042644,1.679874829554352
3,1,FP2,Beta,0.29293872029500007,52.10163652433376,315.21749248155686,2.945077736282041
3,1,C3,Beta,-0.4486045482599817,0.0519974354376962,0.3145870707245131,0.0029391877043962
3,1,C4,Beta,-0.017878425925555858,29.91099653830836,180.96301681477584,1.6907378702744176
3,1,T5,Beta,-0.3678424094247054,0.0517597039367543,0.313148783319207,0.0029257497819566
3,1,T6,Beta,-0.7051055068587334,6.614189405191199,40.01617488787871,0.3738712113520949
3,1,O1,Beta,-0.23642391280876637,2.670602378122835,16.157277222069524,0.1509574771725044
3,1,O2,Beta,-0.5026822831258941,6.446556561411936,39.00198784504102,0.3643956595457845
3,2,FP1,Theta,0.20179023678854047,71.22338757507953,388.66503890703984,1.0717957595333123
3,2,FP2,Theta,0.8988314685502833,79.18406217834958,463.3464678436397,2.2367748531862035
3,2,C3,Theta,-0.021115557924245604,11.108673805363331,75.77858422173988,1.1544187399401098
3,2,C4,Theta,0.13599937474076723,10.140155306276757,52.38331180124824,1.0481854280587048
3,2,T5,Theta,-0.1874969974839092,22.68194567025065,101.14415983989764,3.434523230275907
3,2,T6,Theta,-0.1013648581853561,9.039784309119195,50.77587534771917,0.5830633233699838
3,2,O1,Theta,-0.09011189246389985,14.685182543416683,78.55820873128116,0.5837348623268056
3,2,O2,Theta,-0.08205764619880189,13.88506050445818,64.93764525159037,2.719642148228182
3,2,FP1,Alpha,0.08440231936418358,11.379552161579127,73.1720490721302,0.8635724858118943
3,2,FP2,Alpha,0.25207259220179123,17.664897158708612,112.01354079700256,0.408989616344994
3,2,C3,Alpha,-0.5567853394248964,5.816137568382849,41.40647510269781,0.850256934254414
3,2,C4,Alpha,-0.5596727625558768,2.6879747537716896,16.20710042829601,0.4610689955111388
3,2,T5,Alpha,-0.3004761568352315,18.28284469486289,82.30192040359766,1.0863671130652344
3,2,T6,Alpha,-1.00748802177748,2.3400925648887565,15.272438948024297,0.4166337786819975
3,2,O1,Alpha,-0.2010946357640991,8.40227321152326,54.26219022484468,0.5655753365730035
3,2,O2,Alpha,-0.8801413373556105,3.1045651261221936,17.56655232046698,0.7557211362131881
3,2,FP1,Beta,0.1545007686450274,8.522871151747163,56.15885575005582,4.616387889655708
3,2,FP2,Beta,0.3636889182651804,15.664388436648156,119.66713297792909,5.406504745073461
3,2,C3,Beta,-0.15140206435216788,6.117875014345063,38.32864201718557,1.543118960177258
3,2,C4,Beta,-0.2733485872710617,4.849847894303853,26.905185865190894,2.579420968861249
3,2,T5,Beta,-0.17729314932008244,103.73580218861174,483.3090850543374,4.787908198510161
3,2,T6,Beta,-0.6117262127387446,3.381942584688653,27.71572580902525,1.4762904813591546
3,2,O1,Beta,-0.22557483975393716,39.20162253251623,266.68390004983013,0.9506952426136628
3,2,O2,Beta,-0.37831230813772354,6.271648057084265,36.5070067498289,1.944952715329759
3,3,FP1,Theta,-0.13481043358280614,20.9860093692899,99.24480873636392,0.5202587558930966
3,3,FP2,Theta,-0.10683370083203692,18.26340782269842,92.02749108462214,0.4824681800180356
3,3,C3,Theta,-0.25792690878280555,2.9742553944227583,16.911317182488425,0.7374724456932403
3,3,C4,Theta,-0.17350874249213627,4.135906145118734,25.531956956861084,0.8178780713569216
3,3,T5,Theta,-0.2566801403860983,12.294503337683802,52.99883059000946,1.0244639836860865
3,3,T6,Theta,-0.29161770966167744,3.9316924766406105,27.66240208646289,0.344947327253835
3,3,O1,Theta,-0.10135783135052927,4.512585094882517,25.602001326151733,0.3520371055995585
3,3,O2,Theta,-0.2523082665487062,6.6474402658556135,44.93566711124936,2.2524365864918785
3,3,FP1,Alpha,-0.23051182806895812,3.021781401881632,14.562366074824428,0.2671385209712184
3,3,FP2,Alpha,-0.2900958785054197,2.931338145757869,13.234083548604438,0.3912405909859788
3,3,C3,Alpha,-0.7364273845007957,1.2508261304087396,6.559154668663752,0.3805593379331259
3,3,C4,Alpha,-0.6078927180209652,1.655169572948055,9.065731389569498,0.7299282968862354
3,3,T5,Alpha,-0.3792449417163401,12.109277720071994,54.900232559650064,0.5972606757085089
3,3,T6,Alpha,-1.0984865809947217,1.0941453223518194,7.637418842074037,0.1561369757359708
3,3,O1,Alpha,-0.20837696067021866,1.05542779052581,6.566893276002854,0.2990654251905216
3,3,O2,Alpha,-0.9320654473231795,2.4091030352759693,14.52352499522967,0.5944801702391451
3,3,FP1,Beta,-0.20527195846455157,5.156207581543886,36.57734702421909,1.912710605133144
3,3,FP2,Beta,-0.2506913555895326,6.153659836348436,34.82619792002756,2.668487888216432
3,3,C3,Beta,-0.24573302236306954,2.8078077295097645,14.598296577842117,1.388362099386935
3,3,C4,Beta,-0.32618130882368457,2.8004618319975587,14.135376410629776,1.5602477197181672
3,3,T5,Beta,-0.21365545968512498,64.71774811727757,291.93307914431693,1.3695103861070013
3,3,T6,Beta,-0.6362627917749583,1.8929627543121208,12.074453299361505,1.2688161596712568
3,3,O1,Beta,-0.22845323937395862,3.316715754803591,18.532656360584333,1.4066052654349317
3,3,O2,Beta,-0.3961475175000837,3.746641768711565,19.4301254565628,1.7507828159074137
3,4,FP1,Theta,0.12310382569239793,33.11708860284081,222.62986626559567,1.4481840178412435
3,4,FP2,Theta,0.1434096065250856,42.24057286021644,300.5641633008431,1.9948032394450856
3,4,C3,Theta,0.7278831034343443,76.78807088004149,316.63983831504123,2.1828712637883005
3,4,C4,Theta,0.5793741067200402,27.60669227880209,134.642855537726,2.349091742943147
3,4,T5,Theta,0.017754421116172456,67.6950819762012,286.1652182541999,7.725747708446553
3,4,T6,Theta,-0.03664466345043858,6.620684309229182,37.01843476440024,0.8040278980706057
3,4,O1,Theta,-0.09246085722391174,9.958793404095116,59.99131286530563,0.9975393473784402
3,4,O2,Theta,0.5376585188348576,114.96164064414428,698.0472407112806,4.147272770196689
3,4,FP1,Alpha,0.03106198338205317,16.850595035193543,131.48184144523267,0.628478524596161
3,4,FP2,Alpha,-0.12382167988058702,24.74021993970453,164.05872935013525,0.6484014506982777
3,4,C3,Alpha,0.5118507087600785,39.24180874224448,310.3639199834795,0.691983014071877
3,4,C4,Alpha,-0.056994049600566025,10.307830077846551,45.97906321802122,1.041970322108213
3,4,T5,Alpha,-0.11201829023646562,28.12084709462317,178.90224218090862,2.324639677984119
3,4,T6,Alpha,-0.8384256364880383,4.149887105413495,23.53876921466436,0.3108172367630857
3,4,O1,Alpha,-0.1991092699415205,4.846899308054755,35.128253042827936,0.3214352973287536
3,4,O2,Alpha,-0.38159965960676895,38.87309992907852,224.43781243411536,0.8910335813143813
3,4,FP1,Beta,-0.13963398301781096,40.35487685810633,349.81857291631894,2.575101730031697
3,4,FP2,Beta,-0.2109425470108287,43.9900791985501,358.68486621810933,2.937488911771001
3,4,C3,Beta,-0.006066386413270304,37.521315315197285,311.6961761771366,1.5460028878333612
3,4,C4,Beta,-0.16947910602742014,8.232701083667743,45.41759947052345,1.8999338599846567
3,4,T5,Beta,-0.14300473197391766,62.97237961045978,279.044016761116,7.18782657175512
3,4,T6,Beta,-0.5465607665630077,8.292432452302961,70.96049780173973,1.6289009862002817
3,4,O1,Beta,-0.22122878563375645,6.054811941975742,37.693576147854905,1.781627944360979
3,4,O2,Beta,-0.18454410359970083,29.62787099465939,147.91436093137122,2.8954871990425723
4,1,FP1,Theta,1.6544095479098593,6.750748805685655,45.86501416220543,0.3343116300790184
4,1,FP2,Theta,0.6618193577881084,12.139255967567372,94.01335512682186,0.206142567524054
4,1,C3,Theta,1.1391937961075105,1.7884224465729917,8.737278993254197,0.1960912485051891
4,1,C4,Theta,1.8696651698497446,5.741022261805537,30.35204668008956,0.7174001441166071
4,1,T5,Theta,0.2941109359341592,1.8616810977213376,11.142734505820428,0.2895702612890144
4,1,T6,Theta,0.9301681428418874,2.6717764928132293,16.1575817141009,0.2862544124729068
4,1,O1,Theta,1.2635574975986632,2.4575651324241874,13.554553631674732,0.2096565756080009
4,1,O2,Theta,1.2637273944645893,2.4575651324242984,13.554553631678903,0.2096565756092427
4,1,FP1,Alpha,1.4053564467529818,3.7824580957452953,23.665845861306963,0.235249211892764
4,1,FP2,Alpha,0.7968529768815226,3.219172408696612,16.021141030928582,0.2040302598950705
4,1,C3,Alpha,0.7145446982892775,0.6999343356247459,3.671712048013984,0.0776868373628874
4,1,C4,Alpha,2.783318555403541,6.337741785620387,50.14375197439254,0.7589945212678686
4,1,T5,Alpha,0.0206969963425787,2.4227328926685257,15.917791361297708,0.201038604882933
4,1,T6,Alpha,0.42902540573210746,2.208307222590896,17.85575408287368,0.2199615283947731
4,1,O1,Alpha,-0.2799765096921829,0.965835903173545,4.862014586407557,0.1334225782830458
4,1,O2,Alpha,-0.2800108578735795,0.9658359031739436,4.862014586412825,0.1334225782829582
4,1,FP1,Beta,3.697757728845223,6.845145597688009,38.24367284623669,3.680612780181345
4,1,FP2,Beta,2.2332502718437226,7.412834661059425,38.14827110773982,2.508018460514577
4,1,C3,Beta,1.2383467821184118,1.403558736533858,8.59792307979241,1.1287592821771004
4,1,C4,Beta,1.0581882731415253,3.675514680183963,18.95775903292623,1.312007773568435
4,1,T5,Beta,0.33382828777436735,8.249218366912249,40.14926393109612,1.8307096973778068
4,1,T6,Beta,0.8081327764138899,17.46366944313928,103.80115703851108,1.0902557873731549
4,1,O1,Beta,-2.008371244747569,1.8112365954056733,9.246654193103703,1.0213921367853112
4,1,O2,Beta,-2.008391097836028,1.8112365954063292,9.246654193112033,1.0213921367851182
4,2,FP1,Theta,1.9936604933951487,29.146216634784803,241.81187981113385,0.3426519064265723
4,2,FP2,Theta,2.245231668651,628.9454447944752,5828.881663616066,0.3770313840961638
4,2,C3,Theta,2.077796859652859,15.162763612231142,141.50342126980394,0.25677776552842
4,2,C4,Theta,2.2777683861539186,12.612005213792488,106.71271847090956,0.4939699945125979
4,2,T5,Theta,0.27620770619934754,4.445424316685301,40.63231030064173,0.2576908232644657
4,2,T6,Theta,1.2556060375004112,12.266991736401511,113.49108243282603,0.2656920108937494
4,2,O1,Theta,0.9831875656149811,20.87762723796212,192.6789632845205,0.2178291162181479
4,2,O2,Theta,0.9833197641778955,20.87777439078701,192.6804029040976,0.2178291162186401
4,2,FP1,Alpha,1.8078947166861556,4.768657892404193,32.77005894859796,0.208563541081956
4,2,FP2,Alpha,2.0780843892225676,22.34179076131485,157.05254087211628,0.1590841689885322
4,2,C3,Alpha,2.619513311049682,1.4367182399112324,8.588087094989557,0.0902550312482413
4,2,C4,Alpha,2.026909573283665,3.3970987708718026,23.90395563335319,0.2304538765577448
4,2,T5,Alpha,0.03452669408084897,0.8875059544059084,5.196513227045109,0.1412361307193145
4,2,T6,Alpha,0.6597024787589336,0.9241185043600124,4.827727755388154,0.2445658234963542
4,2,O1,Alpha,-0.03463745318207643,0.990580064138336,5.920301148001434,0.1446498245261511
4,2,O2,Alpha,-0.03464170257378617,0.9905805305863684,5.920301148083365,0.1446498245267231
4,2,FP1,Beta,0.620316729506447,6.073609630387122,38.32949520702851,1.049488753203953
4,2,FP2,Beta,1.8873861439473656,49.90449794119674,331.67543724968465,0.6727903138414041
4,2,C3,Beta,0.8278203648341582,2.532831151002112,16.851209701581816,0.7016506424490851
4,2,C4,Beta,0.43231723387929266,4.365666392235196,31.25626437117136,0.8504920250424862
4,2,T5,Beta,-0.15118175381547203,2.586032854881057,11.28093126197402,0.8016376535668905
4,2,T6,Beta,0.1879021036708967,3.994149472199776,23.634888171409635,1.0662092659034688
4,2,O1,Beta,-1.872403827519952,1.9142364591005396,10.520025749058098,1.0391625440432912
4,2,O2,Beta,-1.8724223365748673,1.914236471721062,10.52002574905921,1.03916254408665
4,3,FP1,Theta,5.431032191268015,25.60888880599184,108.9669144544802,0.2417531425350313
4,3,FP2,Theta,5.170284620228579,35.999901979715524,172.82377756338474,0.1379817594418285
4,3,C3,Theta,3.7257026209101034,4.760751836672402,46.95149826649087,0.1992020610124106
4,3,C4,Theta,3.487125095155052,14.156636619894728,138.1858063938609,0.1976916788445629
4,3,T5,Theta,1.1258535623981303,6.335170657527259,52.87149863811929,0.3856669083303757
4,3,T6,Theta,2.7773581481826266,4.339505229535342,24.32301738335069,0.4352267986732105
4,3,O1,Theta,2.7581633514429638,4.995041098195785,28.874557339397924,0.1853969698897175
4,3,O2,Theta,2.758534211744755,5.0095660265841815,28.87455733938869,0.1853969698915528
4,3,FP1,Alpha,2.7753603561787465,6.3316825705421005,42.948001079139736,0.2042299796352358
4,3,FP2,Alpha,2.630182081230962,10.3826613356075,53.25513994383379,0.165880700997259
4,3,C3,Alpha,1.9329187411937083,1.6200645022393216,8.917601331874847,0.1137338096036882
4,3,C4,Alpha,2.4986477106357925,4.049348317230953,20.63648184844117,0.0733195409763888
4,3,T5,Alpha,0.23239534349770777,3.117600224571956,31.247181327381032,0.1897720063318514
4,3,T6,Alpha,0.9191266151821241,2.290861647193194,22.040103596421,0.2459302412530131
4,3,O1,Alpha,0.2027306231947936,1.0297596251671943,5.132823496854378,0.1045965361266676
4,3,O2,Alpha,0.2027554946623808,1.0297564801808847,5.132823496854652,0.1045965361268694
4,3,FP1,Beta,1.4973952001934479,5.684786735282921,41.14507716478329,1.0650589243255373
4,3,FP2,Beta,2.4301014507983782,21.19056989372184,142.38901511239155,0.7158690656345369
4,3,C3,Beta,0.1587720212207005,1.558526264290134,10.07710522353334,0.4899934309159976
4,3,C4,Beta,-0.06984448631071061,3.6865574409780506,20.894712275386624,0.3708300911823523
4,3,T5,Beta,0.36972393035153955,4.232147266884482,29.313807268395504,1.1561648939006588
4,3,T6,Beta,1.1112294151334268,16.229081605495733,160.21573265937815,0.9320415898087018
4,3,O1,Beta,-1.7824280811190945,2.65690513202427,17.94934583359785,0.7267215959931957
4,3,O2,Beta,-1.7824457007236503,2.657123280411084,17.949345833600994,0.7267215959909065
4,4,FP1,Theta,2.393139113327465,29.534524414015436,213.9093264076096,0.4496063603905236
4,4,FP2,Theta,1.582187749089123,118.3900055187254,1126.7712064492537,0.710672847961019
4,4,C3,Theta,2.543653398522814,6.695596453899323,56.43877765886346,0.3109525021611893
4,4,C4,Theta,3.8595422049670165,26.375471846993893,232.8866270972443,0.4130566259540734
4,4,T5,Theta,0.9336959189348587,9.201149836014116,62.85922555791382,0.465800896600433
4,4,T6,Theta,2.2777191294045473,7.065614541336265,51.6361366282677,0.1826513036411144
4,4,O1,Theta,1.5737388238975107,9.998144183594167,86.34459302496397,0.2938882226789438
4,4,O2,Theta,1.5739504274834812,9.998048503578309,86.34247180629,0.2938882226868118
4,4,FP1,Alpha,2.173693478045716,10.354727351953027,82.65167448825703,0.2952656455186908
4,4,FP2,Alpha,1.4312530263427674,28.61022805584181,231.3220610211721,0.2210950884312846
4,4,C3,Alpha,1.9448684553853781,3.1463442108011206,22.652143134258868,0.1305821484406798
4,4,C4,Alpha,2.455070329862094,5.009899381358671,35.91725300058313,0.1162841654892951
4,4,T5,Alpha,0.4632996789929937,5.822985222019573,48.42634248873047,0.2239793442768191
4,4,T6,Alpha,0.5834861807580795,1.9529324816571123,11.747554130079203,0.1425758091191124
4,4,O1,Alpha,-0.5288059340358084,1.7931220309725335,13.28752658497914,0.0989303716923776
4,4,O2,Alpha,-0.5288708091993426,1.7931208478526786,13.287526584978526,0.0989303716921378
4,4,FP1,Beta,4.302994233661794,9.767073191549471,73.93756246193402,4.53753984940766
4,4,FP2,Beta,2.7232197638909863,20.24352626626359,133.02097451474177,1.329400662701877
4,4,C3,Beta,1.097129387558358,2.720600226300543,25.28983391940233,1.035837127735498
4,4,C4,Beta,0.3821648728326805,6.825214426431431,54.06769639232567,0.5208739899162422
4,4,T5,Beta,0.47888669334930484,8.10421554907678,44.13887457233762,1.670416065546962
4,4,T6,Beta,0.0431919119707319,4.72228770580593,32.58056629079676,1.1234668392365723
4,4,O1,Beta,-2.1554942095505836,3.2143614785042662,28.636399253964772,0.9889521139037172
4,4,O2,Beta,-2.1555155169489217,3.214350856170008,28.636399253958047,0.9889521139060168
6,1,FP1,Theta,0.43818277413324613,11.683101544854278,54.75888695100327,1.321463697651471
6,1,FP2,Theta,1.6250665184131527,17.989343495636145,115.93854543580258,1.180516538286298
6,1,C3,Theta,0.25425345092215196,40.59378370667567,237.18828652084403,0.9008436264210112
6,1,C4,Theta,0.976910185254534,4.208375380023346,21.00377835122834,0.2970763687601625
6,1,T5,Theta,0.14099015045832933,4.56036136433843,30.72051225813009,0.8217686342505914
6,1,T6,Theta,0.24342272193807268,2.417243501137626,12.934991806073713,0.5310179782921094
6,1,O1,Theta,-0.2583756750941268,18.71625524572913,123.15741167238392,1.6891384271317549
6,1,O2,Theta,0.6810495626091256,5.988629100182137,50.5736072499389,0.8928713296070017
6,1,FP1,Alpha,-0.03313024838082836,6.773642401975361,55.65831675136852,0.2361224556399269
6,1,FP2,Alpha,0.2559907261714587,8.244210232120539,65.43965144501401,0.3357779107671405
6,1,C3,Alpha,-0.1373577368212112,13.560873317630357,71.19659242379085,0.7101671583160765
6,1,C4,Alpha,0.08271468413200836,1.7711694660887305,8.65374860981024,0.2837754687208189
6,1,T5,Alpha,-0.12369351216347203,1.4289144718382547,9.232413475796095,0.3018867382121711
6,1,T6,Alpha,-0.05375737871091052,1.1042184929276575,5.697469290493631,0.1817501758155863
6,1,O1,Alpha,-0.20681639105167257,8.33670811036987,59.16846186425188,0.7606190282794348
6,1,O2,Alpha,-0.1794653884186203,10.006560582027522,92.92017114293296,0.2949290459743139
6,1,FP1,Beta,0.5076067269799127,12.970599974246165,55.822393616892455,3.1015244232741708
6,1,FP2,Beta,0.9275822805157998,14.858526652908,78.83248247026158,2.8022816853964057
6,1,C3,Beta,0.09247895769075143,42.4705320858424,223.5924699560068,1.871629588967564
6,1,C4,Beta,0.6457852731159403,5.697412312885039,28.52916536569863,0.9729126696594056
6,1,T5,Beta,-0.018520966961690855,3.3098681427614856,15.78609310662526,1.0277207496074126
6,1,T6,Beta,0.4411804912750731,3.526598773433767,23.85994536181156,1.4445029434176897
6,1,O1,Beta,0.26930819930211713,22.60800305056929,124.34311204730844,4.135931291722764
6,1,O2,Beta,-0.6508900802538549,9.304972673778735,84.70377351158513,1.2720754695339385
6,2,FP1,Theta,1.8759412303260539,31.65388146234347,155.29299599678134,0.7863701036168107
6,2,FP2,Theta,2.1882732051683558,29.28395820577841,173.28826609334263,1.0593467139255743
6,2,C3,Theta,2.05421212386005,57.340742165758925,391.4340942283038,2.204612029380433
6,2,C4,Theta,1.8512973159994073,9.602049398647669,63.96796577505551,0.637851054815824
6,2,T5,Theta,0.8427085145509805,4.750366571667615,22.097737533239865,0.7920266500243146
6,2,T6,Theta,0.8163353405386905,10.620207349514397,67.98233749318666,0.4659378525763201
6,2,O1,Theta,-0.1066412963687845,45.13303346314396,229.9446880615389,1.5749042063645604
6,2,O2,Theta,2.034176663705094,15.371122455408464,106.73613333334698,1.5417366685348015
6,2,FP1,Alpha,0.672467834171427,11.732393268305955,74.08259475255805,0.4938055110039757
6,2,FP2,Alpha,1.2883893159111612,10.872005710049004,68.78014471178594,0.9400479931110776
6,2,C3,Alpha,1.6092828270439403,22.770955715349345,128.1748964081887,2.3113554630376507
6,2,C4,Alpha,0.47863697717937453,23.111986018061582,205.9800977845296,0.1539213730300282
6,2,T5,Alpha,0.5016786269737337,3.604122807579972,17.83426914822353,0.4944877387587201
6,2,T6,Alpha,0.1770989541366602,5.490594124182214,36.01406624957755,0.1383374512186289
6,2,O1,Alpha,-0.08036091143801406,20.47294530996261,114.1737595992469,1.3486421602612446
6,2,O2,Alpha,0.029858305866171924,7.938992444146406,43.4005418976922,0.7238363089931361
6,2,FP1,Beta,1.8814631829501545,23.97063453568308,151.32855155937528,1.8779931000762493
6,2,FP2,Beta,4.02430369847169,21.895316457688416,151.12193036756793,4.53636690152259
6,2,C3,Beta,2.3984243846730924,119.55515199398178,686.971055110413,5.769131903281981
6,2,C4,Beta,1.3865019752876093,8.682553400030278,60.09999531469917,1.2896746452451908
6,2,T5,Beta,1.8812554748008796,8.409067919284608,50.55694557901794,3.193472669518645
6,2,T6,Beta,3.0964041431772826,6.631463336086881,34.8533709726928,2.006838760547488
6,2,O1,Beta,0.0938851671030201,20.14204260567939,139.30020688258386,2.3614211352341177
6,2,O2,Beta,0.7636577468927475,12.01555449860022,54.92823726847693,2.926109731028045
6,3,FP1,Theta,3.5243969594870546,69.00230252221456,617.3682574575031,5.948841174054851
6,3,FP2,Theta,4.836269563893464,31.42988065361569,162.17003846957178,2.162589398690872
6,3,C3,Theta,3.7832246034466275,123.83662279407454,874.5482121537154,4.525436620041936
6,3,C4,Theta,11.33739061932115,89.58059005972177,364.7040765777869,1.3216801306125294
6,3,T5,Theta,3.8098095941754444,31.417947295434026,161.2737873854021,3.305438173136265
6,3,T6,Theta,3.830646508412467,27.037500709587743,151.23789015870958,0.9264357951409796
6,3,O1,Theta,8.923462041383164,795.620356043973,4421.023839436302,3.121208257066981
6,3,O2,Theta,9.17227959640589,35.697203924672344,173.20524869320744,4.286046933229577
6,3,FP1,Alpha,0.9891101617702551,29.905590218815625,279.98440546854334,1.6854381632863065
6,3,FP2,Alpha,1.862884648867136,9.39204668388209,47.16825332579427,1.5116115452406107
6,3,C3,Alpha,3.224228873101166,46.85550847877797,364.2561798280064,2.201333816707684
6,3,C4,Alpha,3.4814696297942747,43.26879685050037,257.73803624665595,0.501085454460693
6,3,T5,Alpha,1.2860067660121688,10.284778329201364,59.02432210272036,0.4828796052878063
6,3,T6,Alpha,0.509294173542539,8.891723738674255,64.84384375573069,1.0255348905779504
6,3,O1,Alpha,4.21794826487419,162.9725021586721,1092.0487152556047,1.5894478943579378
6,3,O2,Alpha,0.36559357861933195,10.643343603049432,49.76841672175483,1.0100001060572297
6,3,FP1,Beta,1.9822377691380166,46.51197321000984,379.8195756824314,4.108064638982945
6,3,FP2,Beta,3.3689312868079533,28.399616165502835,156.92864035053094,3.5138566593904805
6,3,C3,Beta,1.469296877365485,101.84664623520857,487.5883196489015,0.3177229812162099
6,3,C4,Beta,2.6246394614125186,102.89821111685856,559.44826155593,0.5436647330587019
6,3,T5,Beta,1.9039381762358079,9.407375685357506,46.14120342815046,2.252599916110868
6,3,T6,Beta,3.1704978251603477,9.641956347279702,53.24758344692537,1.632016944576581
6,3,O1,Beta,1.9800532511071742,180.4960020241656,1483.654611981878,3.5045441959650323
6,3,O2,Beta,1.8702172073797296,29.12722762985251,171.4341625532635,1.2945190373037632
6,4,FP1,Theta,1.6956730101136763,30.446644947317157,175.19394943739857,0.9135870507818163
6,4,FP2,Theta,3.207518828377631,27.76958981795072,147.91308714227074,2.020893680051989
6,4,C3,Theta,4.518863970978923,239.6284853787999,1341.2108323146597,12.166472739228608
6,4,C4,Theta,4.268711641418756,72.82696981718509,351.07047429192943,1.393194560956026
6,4,T5,Theta,1.7450068624023842,13.861972511578704,90.47117125246432,1.702748240812815
6,4,T6,Theta,2.2084536761928772,18.82101840562875,116.00687757869024,1.9431312446322293
6,4,O1,Theta,3.0650635511469195,319.4119584621945,1754.806788136162,3.362255233039652
6,4,O2,Theta,4.062775048919171,18.1693475134843,111.50469257503453,2.1334075977541738
6,4,FP1,Alpha,0.607791672330281,12.609515677622587,92.68505578805718,0.4908488767895209
6,4,FP2,Alpha,1.969927438268706,11.57682143413054,62.87830881225602,0.8636235408802568
6,4,C3,Alpha,4.055428287290651,62.970253784383445,452.0829040747121,3.751796700996838
6,4,C4,Alpha,2.263280159998166,41.58494493931303,226.83709407274264,0.4964799307895265
6,4,T5,Alpha,0.9240825992183386,4.360026230716724,23.94909720149589,1.6179253064475627
6,4,T6,Alpha,0.5209361723982274,6.272409974112955,29.29285137496337,0.5191441021519495
6,4,O1,Alpha,2.0407162040208533,114.00053716185124,836.3904311983764,0.6482693263849524
6,4,O2,Alpha,0.11519411716816201,5.900549838427238,31.028006925450303,1.1507561210257309
6,4,FP1,Beta,2.0018743295733987,24.129035800918206,143.21936635263714,4.949791824778623
6,4,FP2,Beta,4.0603156782596965,23.33730667673046,116.5801485866865,4.661809742872535
6,4,C3,Beta,1.8358577456511262,103.86352753142305,480.8086379764053,7.466408478790932
6,4,C4,Beta,2.6157747783683645,23.692881914474672,131.91716745949492,1.6273224246261146
6,4,T5,Beta,1.0269905147137022,8.551633296951072,67.33702548240609,2.911893903497491
6,4,T6,Beta,2.426367290384256,8.444547230183195,47.612406730508496,1.9401954359660665
6,4,O1,Beta,2.765902902301209,153.7087067536333,1234.03589247643,2.5554294344662143
6,4,O2,Beta,1.5240279454238153,14.86463095642918,73.83358939752388,4.057035689759079
8,1,FP1,Theta,0.02597461365282127,9.28605629323251,39.867975854100905,0.1915249414354355
8,1,FP2,Theta,-0.04476669632292656,5.306788179967792,24.025350418336544,0.3009924389903531
8,1,C3,Theta,-0.2849240637253074,2.17477656276765,13.315907782901306,0.6388219732000444
8,1,C4,Theta,-0.04203908070555403,1.495558362226843,10.790880594270051,0.0873074755996587
8,1,T5,Theta,-0.062287478911053185,0.9274584529051496,4.478687631742341,0.1676257626249827
8,1,T6,Theta,0.07749655161089537,0.8616181935325478,4.098883305677227,0.1421090522949321
8,1,O1,Theta,-0.08737978112190747,1.3001375571832865,8.115211787856637,0.3076790581925285
8,1,O2,Theta,-0.0638303806837425,1.3544264131769137,9.511613410649408,0.1631765635343366
8,1,FP1,Alpha,-0.10590506994707252,3.1775139613743506,19.160505285732714,0.1333627344589568
8,1,FP2,Alpha,-0.06111683892281428,1.5730347921738903,11.509770740875766,0.0720648215244862
8,1,C3,Alpha,-0.3418199899376956,0.7605584823611725,5.354345865725131,0.2560428862142804
8,1,C4,Alpha,-0.13958219897095414,0.3688422617136697,1.9341815435757568,0.076768431999324
8,1,T5,Alpha,-0.2525129688073476,0.3827101789346827,2.212731330354796,0.0599073922721795
8,1,T6,Alpha,-0.3622993965061158,0.2494461408352082,1.1914790109518607,0.0936413914869891
8,1,O1,Alpha,-0.6358963418905339,0.702433085909055,6.188416839171467,0.1514925426219505
8,1,O2,Alpha,-0.2623054089106328,0.3217813054452307,1.5674184699368654,0.0998255223819631
8,1,FP1,Beta,0.16604459136622063,2.947144199793316,19.87614423886512,0.7058802003852797
8,1,FP2,Beta,0.021978314517981032,1.0478816041759194,6.271027179184321,0.4950210650209642
8,1,C3,Beta,-0.6493026980981376,1.1011340367207436,9.063455565013369,0.5969121326302387
8,1,C4,Beta,-0.37813451112949126,0.5463247108807837,2.9795766137237067,0.35416704647399
8,1,T5,Beta,-0.1377791032818521,0.3525520882776576,2.3664579603389093,0.3919110298034697
8,1,T6,Beta,-0.41889482853965354,0.3027869076871932,1.9147616499361235,0.3157950633821331
8,1,O1,Beta,-0.6120773681733706,0.4250207302106654,2.9003183180670784,0.4488511053920248
8,1,O2,Beta,-0.451952876470769,0.3794880502580048,2.41163035327377,0.3267342744524855
8,2,FP1,Theta,-0.37832842534786726,0.0105269247388803,0.0569981743566685,0.003123614723955
8,2,FP2,Theta,-0.3699209580447184,0.0107098800973198,0.0579887885843657,0.0031779023782913
8,2,C3,Theta,-0.7946666593538899,0.0997236311160501,0.5399549303170146,0.0295906174126942
8,2,C4,Theta,-0.40273727601894665,0.102429461245307,0.554605683629437,0.0303935081943733
8,2,T5,Theta,-0.38184307943299894,0.3681594310151516,1.9934041479898836,0.1092425611475182
8,2,T6,Theta,-0.30266372147353615,0.3663258860253809,1.98347639419568,0.1086985002494462
8,2,O1,Theta,-0.8318729546672666,0.041137290308627,0.2227384068694617,0.0122065131934559
8,2,O2,Theta,-0.4407244927758838,0.0396777795717627,0.2148358665246993,0.0117734380703291
8,2,FP1,Alpha,-0.3536684262916164,0.0084744741759132,0.0566116738639907,0.0016073777774542
8,2,FP2,Alpha,-0.5202263447859518,0.0086217584492327,0.0575955708083423,0.0016353136072134
8,2,C3,Alpha,-0.6724402779748174,0.080280362744496,0.5362935350363713,0.0152270062263205
8,2,C4,Alpha,-0.5229893361203565,0.0824586330488434,0.550844942651511,0.0156401649908446
8,2,T5,Alpha,-0.4217322218004686,0.296378825549486,1.9798870188184805,0.056215020307687
8,2,T6,Alpha,-0.6696181426551426,0.2949027696212696,1.9700265844032976,0.0559350525542275
8,2,O1,Alpha,-1.051748611217163,0.0331166901098803,0.2212280338624772,0.0062813374187567
8,2,O2,Alpha,-0.4648699358561933,0.0319417424061747,0.2133790800715299,0.0060584817241848
8,2,FP1,Beta,-0.7615545646164664,0.0184976440696421,0.0960116138154713,0.0073318175123639
8,2,FP2,Beta,-0.9819104596362,0.0188191285663021,0.0976802720091492,0.0074592426943912
8,2,C3,Beta,-0.8827284764927875,0.1752318250081199,0.9095369252168264,0.0694557511475996
8,2,C4,Beta,-1.1823548313335903,0.1799864408038313,0.9342156537024444,0.0713403141343296
8,2,T5,Beta,-0.17017354206088658,0.6469203765320413,3.3578259548675367,0.2564165538001167
8,2,T6,Beta,-0.3318405487763534,0.6436985179695469,3.3411029690156213,0.2551395220364434
8,2,O1,Beta,-1.4669507496976786,0.0722853989169428,0.3751957697520988,0.0286513975332193
8,2,O2,Beta,-1.0323620355790448,0.0697207838184197,0.3618841916129009,0.0276348740332042
8,3,FP1,Theta,0.3103978744751885,25.086008181580304,126.50395540510978,0.7560289048664761
8,3,FP2,Theta,0.7556827177065221,23.18458850384436,106.64731447253874,1.2484996996304225
8,3,C3,Theta,0.2624858120729722,7.194190915415316,34.25208175800979,1.2102622412745017
8,3,C4,Theta,0.8000158415693636,5.127953288245695,32.932151910944256,0.7067888845372224
8,3,T5,Theta,0.5757638391938095,2.537456830350206,13.93097892678814,0.264687038277989
8,3,T6,Theta,1.0955454235018207,2.8130553390605098,14.268802095444649,0.3872196379366064
8,3,O1,Theta,1.0585312363275503,4.048101964349949,20.825352812261663,0.8648027624777802
8,3,O2,Theta,0.8901109774046392,6.208795868814392,35.90904873877046,0.4929745815504882
8,3,FP1,Alpha,0.314455498472081,5.1140133581646365,22.133550092280174,0.2110937034839767
8,3,FP2,Alpha,0.8456812299210266,7.316544479854038,52.96653009705116,0.4627670377813314
8,3,C3,Alpha,0.001865395542830698,4.918780897224138,26.65361386933795,0.2609045501819924
8,3,C4,Alpha,0.6443743403990697,2.108802030912309,10.295265726016453,0.260984693738609
8,3,T5,Alpha,0.37501695816831054,0.5264906394270612,2.3239833221597364,0.1852596497036424
8,3,T6,Alpha,0.8320902229308753,0.9041261746377304,5.29536519742428,0.0378859085744267
8,3,O1,Alpha,0.29848555623585343,2.334728633119325,17.547642854428307,0.1046037216218365
8,3,O2,Alpha,0.17726308207532462,1.7415006378019944,9.705323614937726,0.1826839373843499
8,3,FP1,Beta,0.7597737099377336,17.471627693804287,83.36764151888379,1.496137966575949
8,3,FP2,Beta,1.4815150163125201,13.573215190771814,82.67797987870387,1.979259032141153
8,3,C3,Beta,-0.19601786970151094,31.964992066018414,159.17010320944593,0.9713733424348596
8,3,C4,Beta,1.160434108034894,3.370791695559825,17.319104365337683,0.7599718664310122
8,3,T5,Beta,0.7606295703531774,2.078388230504742,14.763036576559507,0.5132883109165723
8,3,T6,Beta,1.3751609788349612,2.878373719772726,18.829781958536493,0.6062726274070384
8,3,O1,Beta,0.9348865854577025,9.70011906681948,71.48583813717009,0.7092061534013123
8,3,O2,Beta,0.9664575828661743,4.106501387807938,28.69417262767033,0.6600295230497285
8,4,FP1,Theta,-0.20672884347294168,3.4415270589524702,19.387151876884943,0.2523826908066088
8,4,FP2,Theta,-0.1599165967669219,3.2747517821728223,18.96253608141028,0.111639780297247
8,4,C3,Theta,0.09326950006881084,7.314782918800413,50.866485589820144,0.972128142960095
8,4,C4,Theta,-0.009538237673679272,1.3767715832434937,8.395510061607247,0.0712548136714783
8,4,T5,Theta,-0.20796632243473423,0.9395620893239428,6.008144142505267,0.1791499347928749
8,4,T6,Theta,-0.045490742879647855,0.9675558217986296,6.507901008924067,0.1466293460878711
8,4,O1,Theta,-0.09829571155960319,1.9541909793690948,13.244299778164036,0.2476988012013273
8,4,O2,Theta,0.0390331070026386,2.605861753807696,18.526229846503483,0.0768252616494202
8,4,FP1,Alpha,-0.19535330829631758,1.244633221777873,6.874352833001551,0.1222636610834019
8,4,FP2,Alpha,-0.22892732795077944,1.5019959822581317,10.786087313298232,0.0387414334420914
8,4,C3,Alpha,-0.20383779591706638,2.0711601460704983,14.854392048263373,0.2946462077472722
8,4,C4,Alpha,-0.12637307417086532,0.5436534802644202,2.481021780779762,0.1506984481775122
8,4,T5,Alpha,-0.21733785897260172,0.3411592159470021,2.0931972051213124,0.0760779678059765
8,4,T6,Alpha,-0.41206775283864233,0.4505771487638914,3.537860355810899,0.0685996398533031
8,4,O1,Alpha,-0.6617105266457776,0.387548789481531,2.0819369449595184,0.1055334694005251
8,4,O2,Alpha,-0.25803705374167346,0.6701642535058328,5.2862020362123925,0.0818811801622836
8,4,FP1,Beta,-0.2640105615600003,1.503360584184563,8.006551776505598,0.4122815335951896
8,4,FP2,Beta,-0.2891718428748092,1.8747843493726863,15.052497824033598,0.206647123453125
8,4,C3,Beta,-0.6415258279207822,3.049085821260353,22.6249505932505,0.4465474688828059
8,4,C4,Beta,-0.1153674020840746,0.7051733528833193,4.422288329360139,0.4272371905748446
8,4,T5,Beta,-0.13359409592821248,0.5647480807930214,2.793285655729352,0.3927847662725537
8,4,T6,Beta,-0.5167660247803767,0.4397096649044667,3.7483280623205255,0.2766828144529001
8,4,O1,Beta,-0.7656636149126267,0.6078343530583179,4.649002340784596,0.2400338685906604
8,4,O2,Beta,-0.41012751290243615,0.6992748497162684,6.136787263999466,0.2790501136648514
9,1,FP1,Theta,2.0753394153784717,116.36421113372984,693.0131942311576,5.720404612838815
9,1,FP2,Theta,1.5127403484163933,78.18920531948176,357.7092414678966,7.706807843213837
9,1,C3,Theta,0.6490094725112847,34.606798913883885,224.25595392086555,3.3753439245452483
9,1,C4,Theta,6.14480265204774,492.08373048313865,2717.386529152649,12.673523819338904
9,1,T5,Theta,0.3845658531753054,26.877996001656395,151.73574783409683,4.774212277877072
9,1,T6,Theta,0.31450675255720323,118.8948103127074,712.3314924238058,7.585212969357222
9,1,O1,Theta,2.0545302310545615,221.19626510048928,1739.418619771548,3.814788134029353
9,1,O2,Theta,0.2952265999911792,150.69124694250377,872.7071252005161,1.656159293582523
9,1,FP1,Alpha,0.15518160156209482,24.00547256498585,194.2858458381044,1.530977745043398
9,1,FP2,Alpha,0.3228817340209896,19.376911509883296,116.64403001651992,1.814423364414365
9,1,C3,Alpha,-0.3982013247612763,11.984111983526638,95.07301330919508,1.0123451209378902
9,1,C4,Alpha,3.6393989086399485,135.80146737634536,847.3440655290502,2.583464916615941
9,1,T5,Alpha,-0.21535385686992495,8.699025889872939,51.97739808152701,1.4933170779993077
9,1,T6,Alpha,-0.38604760787008985,37.10023584061057,224.9747429907252,1.455726587452277
9,1,O1,Alpha,-0.35061457017988923,83.93166866284014,633.039009834297,1.3539774046790467
9,1,O2,Alpha,-0.6541088437270173,46.56074921091472,305.0327614800993,0.7176538554381446
9,1,FP1,Beta,1.0096040698699924,21.814864793215836,153.81518975731765,5.000924526389157
9,1,FP2,Beta,1.0156571382205521,24.052879608563924,176.8206083583918,4.090591944022689
9,1,C3,Beta,-0.16829397860999223,16.383751287079367,110.6548550264208,2.479620312466336
9,1,C4,Beta,9.985844204831112,173.76638730751225,1232.7643551400324,6.528105025933966
9,1,T5,Beta,1.6034711464977596,10.41341157195206,73.2349250629262,2.854562448881392
9,1,T6,Beta,2.4548311661477933,59.1308264635915,351.06049983332264,5.040760693221029
9,1,O1,Beta,1.196299715212602,97.728836077518,866.5826228572953,2.440822790530688
9,1,O2,Beta,-0.0358743013896331,54.8799257842991,397.6985690589654,1.2087616510455643
9,2,FP1,Theta,1.9005994267149615,75.727610942613,395.93359248880256,7.279944514587239
9,2,FP2,Theta,1.4337510638773596,67.99582120576108,343.69644829888944,4.192527295682538
9,2,C3,Theta,1.5054297026556507,50.738123975879,252.39746394388587,1.5377828322900458
9,2,C4,Theta,5.406332242300722,131.24210425234676,747.7383925845415,11.853908117584064
9,2,T5,Theta,0.5505037329540338,36.73520769193493,208.93199731621124,5.797048241072126
9,2,T6,Theta,0.17182668116795016,72.26724010982859,472.6031708797195,7.226367299278705
9,2,O1,Theta,22.95357488433413,527.075390475604,2267.399090031093,9.407624402643975
9,2,O2,Theta,0.6426566772888554,93.11692867086953,483.5244024678147,5.120421447252666
9,2,FP1,Alpha,0.709197216783279,12.68042484229002,56.55747485209047,1.6864029548056416
9,2,FP2,Alpha,0.6432019536056134,11.810438742423306,47.19716258831397,2.326807994744837
9,2,C3,Alpha,-0.017438689877602432,19.4754408272528,144.97319956605253,2.46024178161048
9,2,C4,Alpha,3.911901670322694,54.54705194137132,377.3661694386597,3.399766378506752
9,2,T5,Alpha,-0.15402380924379552,8.817924709749713,48.45352404382359,1.4301834595426697
9,2,T6,Alpha,-0.40267743658095384,33.775380763715965,254.0527880913113,2.0113377655263225
9,2,O1,Alpha,4.7006089295006035,141.46047393250004,533.4890528373369,4.548598729434599
9,2,O2,Alpha,-0.08482980591965084,29.974904592743204,209.177986119868,0.5934106591321784
9,2,FP1,Beta,1.1168765384621697,13.13056543209324,77.5070135201682,3.776156805720064
9,2,FP2,Beta,1.5344799803169626,23.738960366949687,134.3080297748213,4.325718203646092
9,2,C3,Beta,-0.14950955997248933,13.071829713936966,78.98199816631869,4.747224662606822
9,2,C4,Beta,4.475818514263221,84.01679813213381,643.5803117026196,6.205060480683319
9,2,T5,Beta,1.5922786135214921,12.639357422143116,73.75813516253432,3.426811679114407
9,2,T6,Beta,2.3267188204220415,50.92932429510088,328.42966972816,2.3818359765301733
9,2,O1,Beta,4.579366786351472,143.02745856787675,843.8011854014585,5.32156998856166
9,2,O2,Beta,1.4097023814149916,31.687461862353768,178.45965754170223,1.6390405635358052
9,3,FP1,Theta,1.1899691062744242,75.79934770710825,367.9684376061952,2.1704766983392223
9,3,FP2,Theta,0.537392073627841,67.40883581477091,386.61746786094966,2.564813985681145
9,3,C3,Theta,1.7335688524662518,59.61356069717763,278.26309719542803,2.0485472631093447
9,3,C4,Theta,2.203096248695935,30.7387730716786,131.1846835005234,6.860757481953883
9,3,T5,Theta,0.08394695644195169,31.075158640398215,167.6341589971602,2.73233995627526
9,3,T6,Theta,-0.15072075040059957,21.66699708778293,117.01584228783352,2.2969531885642547
9,3,O1,Theta,5.581054224477464,170.4705672241652,1117.6250703534065,2.955537723604289
9,3,O2,Theta,0.8064395978786757,163.71572945337135,1146.9905142419648,2.4367163310139763
9,3,FP1,Alpha,0.1651516701081533,12.848915646442348,61.21094659510624,2.0345604687379453
9,3,FP2,Alpha,0.6837490426689631,14.91345734370336,92.86713757646604,3.1872529039543034
9,3,C3,Alpha,0.6075668720016816,30.166946001607847,185.09890916398905,1.7260218777494325
9,3,C4,Alpha,2.4567266156514194,13.998847555235884,73.8649303565517,2.1516867259509684
9,3,T5,Alpha,-0.08082193833796995,10.387721213019288,50.93497197443399,1.256977603207659
9,3,T6,Alpha,-0.4865877961720771,6.657215828871206,36.6160719248563,2.0425059520555533
9,3,O1,Alpha,1.2861657488602165,51.90815179827616,272.7593179003262,1.242179149628772
9,3,O2,Alpha,0.19127534227497975,77.03478337380079,661.0078504778626,1.847172773361865
9,3,FP1,Beta,4.6397286901996235,38.29497522280644,184.2872705802094,7.720122775096777
9,3,FP2,Beta,11.495534086688885,102.49068613040996,620.5453712425181,8.00673098849251
9,3,C3,Beta,0.9372055729696005,24.17730810330519,131.2883646206817,5.419555216792389
9,3,C4,Beta,6.022541118770596,42.333481148444754,270.87958638986873,6.591446482214849
9,3,T5,Beta,2.69426592460849,22.05319910905421,136.6397441147119,3.632755484349323
9,3,T6,Beta,3.6268620525196114,53.97965143001292,439.8453704036238,5.304358849071768
9,3,O1,Beta,3.1515181340056766,37.93126768410061,171.90754467013795,1.979085859658123
9,3,O2,Beta,3.118947507296678,33.602555174688014,229.7560794800569,4.218171432123787
9,4,FP1,Theta,0.6037472920866268,87.7707620224715,565.0673702811844,4.391784844110438
9,4,FP2,Theta,0.22777895155470745,56.88623020032403,361.3257654036862,3.239671208465657
9,4,C3,Theta,-0.4927620348213154,10.76175269451718,69.98205840803507,0.5331561934676217
9,4,C4,Theta,-0.5567333398190225,4.962747394068859,40.9838388832772,0.0167910270069409
9,4,T5,Theta,-1.1379323292268044,1.2427506435842013,9.847881894003416,0.0261610168991237
9,4,T6,Theta,0.9375096421790355,89.9921369055776,495.32892357346856,5.614155081336
9,4,O1,Theta,-0.9231898165069059,6.332451397959876,34.62092667735618,0.4057730543166187
9,4,O2,Theta,6.368685927741342e-05,24.5147431632645,134.12863794843705,1.5151320515826483
9,4,FP1,Alpha,-0.47949105620676485,35.73204470982498,238.02980985634184,1.0642902131048186
9,4,FP2,Alpha,-0.408321536892522,26.80704790626064,195.03240001829465,1.430476009500949
9,4,C3,Alpha,-1.1336322748446586,4.373508528795522,28.916121383402604,0.1316642755671327
9,4,C4,Alpha,-1.231967134393225,1.8263864623139243,14.636742272861513,0.0046641511513995
9,4,T5,Alpha,-0.8462133481763661,0.4524191066176798,3.488046228226739,0.0173632080658273
9,4,T6,Alpha,-0.5486536167108006,38.49574311541118,285.3971973828081,1.0152573556871516
9,4,O1,Alpha,-1.441646849201829,2.786105926109234,19.29945236223425,0.1463172669766478
9,4,O2,Alpha,-0.9762367400206297,10.44772699028375,77.62153436267832,0.2533632125297647
9,4,FP1,Beta,0.3539722191018607,31.64296002399427,235.40165226733487,1.9606501698484275
9,4,FP2,Beta,1.171936311932282,39.99676537384859,272.2736820942265,4.400573717083313
9,4,C3,Beta,-0.927348194215503,3.90332698392369,29.237129649345736,0.2469482370096609
9,4,C4,Beta,-0.36239855799482057,2.483499220630506,18.966123293446323,0.0044527589543768
9,4,T5,Beta,-1.4921888321687333,1.0189104286190236,6.090228206378435,0.0957776619244364
9,4,T6,Beta,0.2875188486189535,29.778295251767368,165.25272636513188,1.6939298036002342
9,4,O1,Beta,-0.9394726065437872,2.578835715030848,14.38848555077772,0.2003923829785406
9,4,O2,Beta,-0.5667672700719407,8.013870336214659,45.28648264361863,0.4373302114342581
