Subject,bpm,sdnn,rmssd,pnn50,hr_mad,lf,hf,lf/hf,p_total,lf_nu,hf_nu,mean_eda,mean_tonic,scr_peak_count,scr_sum_amp,scr_mean_amp,scr_mean_risetime,scr_mean_recoverytime
1,-0.6238633193239693,-0.39452244844815915,-0.09755636317663931,-0.998811512571475,-0.48003675002033086,-1.0,14.16351186509583,-1.0,14.16351186509583,-1.0,-0.5840294000162647,-1.0000032474596638,-1.000004021010028,-0.9625626460014638,-0.9994371177177108,-0.9999374575241902,-0.9951470096668564,-0.9961869361668158
1,-0.5807016352163947,-0.351314659923014,-0.13285312413498887,-0.9985441029000569,-0.6100275625152481,-1.0,33.63759391207985,-1.0,33.63759391207985,-1.0,-0.5840294000162647,-0.9999956920552294,-0.999994968008998,-0.9542432340017891,-0.9993045948478926,-0.9999367813498085,-0.9964075266365041,-0.9938904318127388
2,-0.7653017854369187,-0.816873841745577,-0.8008615326182295,-0.9995813619963341,-0.9069693325186905,1.469155879347464,1.6538293978891925,-0.9972301795163918,4.122985277236657,-0.8565166474528704,-0.8457852166069392,-0.9999584428633637,-0.9999574827833521,-0.8928286710615315,-0.9991419824206426,-0.9999754852120184,-0.9984477168625977,-0.9981107618296104
2,-0.7684004625240229,-0.7593692296423483,-0.7615177651920896,-0.9993384485867995,-0.813938665037381,2.347069997707867,2.9432015339603512,-0.9974730774204731,6.290271531668218,-0.8633224434987594,-0.8389794205610502,-0.9999398234035802,-0.999939527680407,-0.9910690559217943,-0.9964181303020994,-0.9988060434340332,-0.9990076728801994,-0.9962787733007477
2,-0.7745506460072432,-0.7569786467610514,-0.7940835212622729,-0.9995112418663669,-0.8371963319077084,4.681786503593551,1.5395025599190932,-0.9933394150585781,11.527490700485265,-0.794258876209951,-0.9080429878498587,-0.9998917534583613,-0.9998922502868157,-0.9851150932029905,-0.9947037326370609,-0.9989407465274122,-0.9986603583882692,-0.9962787733007477
3,-0.6527567795462474,-0.6081150095984811,-0.4205902255424798,-0.9995088016069211,-0.8695254268384338,-0.5305721950619491,19.956567701016354,-0.9999064756888005,20.425995505954404,-0.990852473768147,-0.591628892114841,-0.9994556128655089,-0.9994514449574682,-0.9707736956118092,-0.996712182032212,-0.9995303117188874,-0.9952283584672341,-0.9924846645858937
3,-0.6580700475098595,-0.6602584689499692,-0.6440367209900583,-0.9996204376053481,-0.8695254268384338,0.7052844213125158,0.34566934697139345,-0.9947090418313396,2.050953768283909,-0.7666342801490901,-0.815847085733898,-1.0006043831991274,-1.000605093512662,-0.9707736956118092,-0.9969691588456415,-0.9995670226922345,-0.995675699860931,-0.9889357561958991
3,-0.6690094942574011,-0.840193738588832,-0.8500150332601586,-0.9997017724042021,-0.8695254268384338,1.7488387534138896,0.30773410518809907,-0.9912238168509936,3.0565728586019887,-0.7170785681071671,-0.865402797775821,-1.000774188471883,-1.0007724354797984,-0.9123210868354275,-0.9986113999327709,-0.9999338761872748,-0.99721654243922,-0.9980283842277807
3,-0.6548569691932768,-0.4968440144928826,-0.2630503305378656,-0.9993889971208043,-0.8695254268384338,0.03582325823221521,5.471016922782485,-0.9993316730320375,6.5068401810147005,-0.942389140898789,-0.6400922249841992,-1.0004159674399944,-1.0004155116078715,-0.9123210868354275,-0.9991014735334247,-0.9999572130254012,-0.9975644746343174,-0.997763293031516
4,-0.6145747602890596,-0.5634542753193049,-0.4702699424507499,-0.9991387551476318,-0.7797953502467952,2.654000656491467,8.16108460092867,-0.9981262703392324,11.815085257420135,-0.8660532052908331,-0.6641768752356634,-1.000160084493105,-1.0001593380013356,-0.9624184064421197,-0.9992293494492385,-0.9999036686811548,-0.9979447566023034,-0.997483375431392
4,-0.6258330374133658,-0.593519805601412,-0.4621801041672354,-0.9988946590130034,-0.7797953502467952,0.6196768826196437,5.684401569537629,-0.9988617148883023,7.304078452157273,-0.9083732790935204,-0.6218568014329761,-1.0002875601832377,-1.000293421013378,-0.9577207072473847,-0.9991748070558948,-0.9998968508819868,-0.9977979535024679,-0.997483375431392
4,-0.6164794097054587,-0.553739038833942,-0.4233082016527237,-0.9991458728736845,-0.7797953502467952,10.928617454989771,8.687334526169437,-0.9942154308327819,20.61595198115921,-0.7407606351945523,-0.7894694453319443,-0.9999999928053197,-0.9999995185659243,-0.859069024157949,-0.9986678065313,-0.9999540622941828,-0.9976106529957813,-0.9971618067365143
4,-0.6300923122122515,-0.5532410244033015,-0.3883370054980214,-0.9989649137367532,-0.8531969001645302,3.225473201087513,8.373225533933706,-0.9978822656104602,12.59869873502122,-0.8540301359643856,-0.6761999445621109,-0.9999985588179747,-0.9999958738792945,-0.8496736257684788,-0.998685670469104,-0.9999589272021595,-0.9975410480777559,-0.9977490191358561
4,-0.6358841157854364,-0.6186369706594154,-0.5153082269112744,-0.9991090570492744,-0.8531969001645302,8.023854430471772,4.204155291693242,-0.9918543257617433,13.228009722165014,-0.7020570373564314,-0.8281730431700651,-0.9999910726836893,-0.9999903378694305,-0.7979989346263935,-0.9985035366150531,-0.9999651985259314,-0.9975965259933914,-0.9982038208961308
6,-0.9602897674640966,-0.9507454874166855,-0.9574573294544975,-0.999946431158147,-0.981920515874619,0.5885640242373558,0.4380433162281598,-0.9993609000733874,2.026607340465515,-0.9696342050856896,-0.9725114457130912,-0.9998051411905493,-0.9998050849989648,-0.969915738415366,-0.9998599433886187,-0.9999973066036272,-0.9997663574359181,-0.9996694037188502
6,-0.9622745979548277,-0.9799619680277881,-0.9728807738119285,-0.9999345045103383,-0.981920515874619,-0.9351959849024528,-0.7145435059145695,-0.9998686597013284,-0.6497394908170221,-0.9892959839296757,-0.9528496668691052,-0.9998924037634976,-0.9998923130978831,-0.9791724342875611,-0.999886717939272,-0.9999967633696935,-0.9997727150567095,-0.9996528739047927
6,-0.9610610352042874,-0.9682035761340958,-0.9678658293148631,-0.9999263671919256,-0.981920515874619,-0.6573858061063147,-0.7473753211420499,-0.9992153687713952,-0.40476112724836466,-0.9666995518569061,-0.9754460989418747,-0.9999628380594242,-0.9999628120904224,-0.9838007822236586,-0.9998894590563887,-0.9999960521091568,-0.9997727150567095,-0.999554039391574
6,-0.9601539182760335,-0.9567036590140248,-0.944714127272395,-0.9998887416361515,-0.981920515874619,-0.28290616629042536,0.028205507118708187,-0.9995965106510494,0.7452993408282829,-0.9762292942563161,-0.9659163565424648,-0.9999978103398957,-0.9999977309036847,-0.9919003911118294,-0.9998538007590766,-0.9999895571970769,-0.9996074169161346,-0.999146648349282
8,-0.7502954633476658,-0.759705458201749,-0.7017552465869555,-0.9991387728485045,-0.7954585515197996,0.6958572729210797,7.361898015329254,-0.9993362787206769,9.057755288250334,-0.9448190029559882,-0.7279146794756912,-0.9999461139443216,-0.9999259158973899,-0.9770913577702176,-0.9761868071256835,-0.9965981153036692,-0.9942728394425544,-0.9935910346142871
8,-0.7452074398735588,-0.7765818249658967,-0.7521553700479554,-0.9992488969760727,-0.8465939136398497,2.470095586413731,5.116676801380781,-0.998143362088513,8.586772387794513,-0.881540381033604,-0.7911933013980754,-1.000394896580509,-1.0003618471599214,-0.9738186945945344,-0.9800016929341073,-0.9975002116167634,-0.9943751101667945,-0.9945066010979603
9,-0.3236293382575673,-0.5758911742467684,-0.4183255962803066,-0.9992626115888733,-0.884783060761448,0.322838360496937,2.200730040756385,-0.9969524275262096,4.6976656040366755,-0.7843636725921803,-0.4782479162810868,-0.9996259756617737,-0.9996065150350765,-0.933635042998594,-0.9812995249389873,-0.9979221694376653,-0.992011625546127,-0.9894000415900532
9,-0.33546404437439725,-0.7302383887220373,-0.7000423125510474,-0.9996358575747522,-0.884783060761448,1.496222207455952,1.6248554344818096,-0.9929874792219229,4.393237528426567,-0.6405667993975748,-0.6220447894756924,-0.9999269030003676,-0.9999127179122238,-0.9262611588873267,-0.9749140411669737,-0.9972126712407747,-0.9907826448609158,-0.9876224088132299
9,-0.34242746277092717,-0.7624077098752485,-0.6927548286971947,-0.9996358575747522,-0.884783060761448,-0.08636672092540552,2.8835916343045134,-0.9982652589266638,3.9903584462142145,-0.8595641012931424,-0.4030474875801248,-0.9998653099032997,-0.9998823187402335,-0.9262611588873267,-0.9729959432875912,-0.997299594328759,-0.9928104629915144,-0.9861739672913737
9,-0.32943523080360265,-0.6568812810927689,-0.6254551321500023,-0.9993024704219072,-0.769566121522896,0.8780680482894809,1.5848735148385529,-0.9946424240638229,3.462941563128034,-0.6896966732530047,-0.5729149156202625,-0.9998235226285677,-0.9998287706191734,-0.8893917383309901,-0.9469194150237705,-0.996461294334918,-0.9937321985054228,-0.9915727038728374
10,-0.7683257178343728,-0.8502123456637376,-0.7841060782697598,-0.9995330770784657,-0.9022380133037491,-0.2597520978433235,2.4821867463849743,-0.9993349640479775,3.475482015963637,-0.9451553529951725,-0.7420062895768245,-0.9996741201220236,-0.9996657292106536,-0.9687161642571996,-0.9881112744401048,-0.9988111274440106,-0.995854891764079,-0.9967738544390237
10,-0.7617635198201091,-0.8534870233010098,-0.8227244815175316,-0.999608952053215,-0.9022380133037491,-0.36824066270687966,0.4445282586780926,-0.9986318124814709,1.5140240213338438,-0.9048115715028701,-0.7823500710691268,-0.9993944553306309,-0.9993805999745895,-0.9781013149800398,-0.9937955273707296,-0.999113646767247,-0.9958660645625586,-0.9963502191633399
10,-0.755169981143302,-0.8694878494688121,-0.8693070987080457,-0.9997040718240546,-0.9022380133037491,1.0857124191285286,0.49254529287026294,-0.9956283346952067,2.9091865129261443,-0.8176512426482333,-0.8695103999237637,-1.000053834189994,-1.0000632335432407,-0.9874864657028799,-0.9966933409858523,-0.999173335246463,-0.9956984725853649,-0.9962850445055424
10,-0.7510790566159018,-0.8316352080359475,-0.8070387058456187,-0.9996524018250801,-0.9022380133037491,0.5685733109600526,1.4839934505945593,-0.9980245121097695,4.36838160683204,-0.8789138027875684,-0.8082478397844286,-1.0003917967433866,-1.000405244502973,-0.9874864657028799,-0.9953837399226073,-0.9988459349806518,-0.9958939965587574,-0.9960895205321499
